-- phpMyAdmin SQL Dump
-- version 4.4.15.10
-- https://www.phpmyadmin.net
--
-- Host: localhost:3307
-- Generation Time: Dec 04, 2023 at 08:20 AM
-- Server version: 10.4.31-MariaDB
-- PHP Version: 5.3.0

SET SQL_MODE = "NO_AUTO_VALUE_ON_ZERO";
SET time_zone = "+00:00";


/*!40101 SET @OLD_CHARACTER_SET_CLIENT=@@CHARACTER_SET_CLIENT */;
/*!40101 SET @OLD_CHARACTER_SET_RESULTS=@@CHARACTER_SET_RESULTS */;
/*!40101 SET @OLD_COLLATION_CONNECTION=@@COLLATION_CONNECTION */;
/*!40101 SET NAMES utf8mb4 */;

--
-- Database: `mp_db`
--

-- --------------------------------------------------------

--
-- Table structure for table `department`
--

CREATE TABLE IF NOT EXISTS `department` (
  `id` int(11) NOT NULL,
  `dept_name` varchar(32) NOT NULL
) ENGINE=InnoDB AUTO_INCREMENT=7 DEFAULT CHARSET=latin1 COLLATE=latin1_swedish_ci;

--
-- Dumping data for table `department`
--

INSERT INTO `department` (`id`, `dept_name`) VALUES
(1, 'Production 1'),
(2, 'Production 2'),
(3, 'Production 3'),
(4, 'Production 4'),
(5, 'Production 5'),
(6, 'CQE');

-- --------------------------------------------------------

--
-- Table structure for table `karyawan`
--

CREATE TABLE IF NOT EXISTS `karyawan` (
  `npk` varchar(11) NOT NULL,
  `name` varchar(32) NOT NULL,
  `role` int(11) NOT NULL,
  `date_joined` date NOT NULL
) ENGINE=InnoDB DEFAULT CHARSET=utf8 COLLATE=utf8_general_ci;

--
-- Dumping data for table `karyawan`
--

INSERT INTO `karyawan` (`npk`, `name`, `role`, `date_joined`) VALUES
('00578', 'SUJIYOTO', 0, '0000-00-00'),
('00581', 'SUKAR PRIYANTO', 2, '0000-00-00'),
('00621', 'BUDI HARSONO', 1, '0000-00-00'),
('00637', 'WIDIYANTO', 2, '0000-00-00'),
('00652', 'KOSIM*', 0, '0000-00-00'),
('00676', 'SUWASITA', 2, '0000-00-00'),
('00681', 'SUNARSA', 2, '0000-00-00'),
('00688', 'RAHMAT WIYANTO', 2, '0000-00-00'),
('00693', 'R. HENDRA SURYA KUSUMA', 2, '0000-00-00'),
('00704', 'ACENG TAMLIHA', 2, '0000-00-00'),
('00708', 'SUDIRMAN', 2, '0000-00-00'),
('00714', 'ARMA', 2, '0000-00-00'),
('00717', 'MUHAMMAD FAUZI', 1, '0000-00-00'),
('00719', 'IMAM SUDIYONO', 1, '0000-00-00'),
('00730', 'KUSMANA', 2, '0000-00-00'),
('00735', 'AHMAD HARIYADI', 2, '0000-00-00'),
('00736', 'M. CHAMIM', 2, '0000-00-00'),
('00747', 'SUDARSO', 2, '0000-00-00'),
('00748', 'SEKTI WIDIATMOKO', 1, '0000-00-00'),
('00769', 'SUGENG BIN MARTO WITONO', 1, '0000-00-00'),
('00784', 'LASWIYANTO WIDODO*', 0, '0000-00-00'),
('00786', 'MARTONO', 2, '0000-00-00'),
('00787', 'DAENG SUGRIWO', 2, '0000-00-00'),
('00807', 'YUDI YUDIANA', 2, '0000-00-00'),
('00809', 'SRI AGUS CAHYONO', 1, '0000-00-00'),
('00810', 'ASMORO HADI*', 0, '0000-00-00'),
('00820', 'BUDIYANA', 1, '0000-00-00'),
('00825', 'ARIS WINARNO*', 0, '0000-00-00'),
('00845', 'ISMANTA HARSANA', 2, '0000-00-00'),
('00850', 'SASDIAL', 2, '0000-00-00'),
('00857', 'SUWARDI', 2, '0000-00-00'),
('00861', 'RUSLANI EDI SOKIRIN', 2, '0000-00-00'),
('00862', 'JOKO EFFENDY', 2, '0000-00-00'),
('00873', 'SARINGUN', 1, '0000-00-00'),
('00884', 'RAHMAT WIDIANTO', 2, '0000-00-00'),
('00899', 'EDDI DARMINTO', 2, '0000-00-00'),
('00904', 'AKHMAD BADAWI', 2, '0000-00-00'),
('00905', 'BUDIANTO TARJAN', 2, '0000-00-00'),
('00908', 'HERU DWI HARYANTO', 2, '0000-00-00'),
('00914', 'MUHAMMAD SYAWALUDIN', 2, '0000-00-00'),
('00917', 'MARSO MARDI', 2, '0000-00-00'),
('00919', 'GATHOT SUPRAPTO', 2, '0000-00-00'),
('00926', 'IMAM MAHDI', 2, '0000-00-00'),
('00927', 'ISMAIL A', 2, '0000-00-00'),
('00941', 'DARMANTO MADYO', 1, '0000-00-00'),
('00942', 'SUHENDI DADANG', 2, '0000-00-00'),
('00944', 'HERMAN KAMBARUDIN', 2, '0000-00-00'),
('00945', 'AHMAD YANI', 2, '0000-00-00'),
('00949', 'SOLIKHIN BUDI PRAYITNO', 2, '0000-00-00'),
('00951', 'BAMBANG HARSUBENO', 2, '0000-00-00'),
('00952', 'MOH. MOECHIDIN', 2, '0000-00-00'),
('00957', 'MURYADI', 2, '0000-00-00'),
('00958', 'SRIYADI WARSO*', 0, '0000-00-00'),
('00963', 'KHOLID ABDULLAH', 2, '0000-00-00'),
('00964', 'BUDIONO', 2, '0000-00-00'),
('00965', 'SAMSUL HUDA', 2, '0000-00-00'),
('00973', 'AGUS RIYADI', 2, '0000-00-00'),
('00974', 'MUHAMMAD TAUFIK*', 0, '0000-00-00'),
('00980', 'BAMBANG SUPRAPTO', 1, '0000-00-00'),
('00981', 'ARIF HIDAYAT', 2, '0000-00-00'),
('00982', 'NURHADI SUKOYO', 2, '0000-00-00'),
('00989', 'BUDI SANTOSO', 1, '0000-00-00'),
('00990', 'SUTARTO RONO UTOMO', 2, '0000-00-00'),
('00992', 'EDI SANTOSO', 2, '0000-00-00'),
('00993', 'BUDIYONO RAKINO', 2, '0000-00-00'),
('00995', 'NURDIN MUTANI', 2, '0000-00-00'),
('00997', 'SUDARSONO', 2, '0000-00-00'),
('00998', 'AMINUDIN MASDUKI', 2, '0000-00-00'),
('00999', 'APRIYANTO HERI', 2, '0000-00-00'),
('01005', 'AMAT KUMAIDI', 1, '0000-00-00'),
('01008', 'TRIMO YOSODIMEJO', 2, '0000-00-00'),
('01009', 'WAHYU DWI PURNOMO', 2, '0000-00-00'),
('01010', 'AGUS SUNARTO', 2, '0000-00-00'),
('01018', 'TRI WIDODO', 2, '0000-00-00'),
('01019', 'PURWANTO KUSNADI', 2, '0000-00-00'),
('01020', 'MARIYANTO HADI', 2, '0000-00-00'),
('01021', 'EDI DARMANTO', 2, '0000-00-00'),
('01023', 'SANTOSO KERI', 2, '0000-00-00'),
('01035', 'HEN HEN ROHENDI', 2, '0000-00-00'),
('01040', 'AHMAD ROZI', 2, '0000-00-00'),
('01043', 'M. AMINUDDIN', 2, '0000-00-00'),
('01044', 'TEGUH SANTOSO', 2, '0000-00-00'),
('01045', 'SUYONO SURATNO', 1, '0000-00-00'),
('01054', 'HENY AGUSTIANTO', 2, '0000-00-00'),
('01056', 'WARSITO', 2, '0000-00-00'),
('01057', 'SUTAPA MADYANTARA', 2, '0000-00-00'),
('01064', 'AGUS SUTOYO', 2, '0000-00-00'),
('01065', 'SAYUTI NAIH', 2, '0000-00-00'),
('01087', 'LASIDI KARTONO', 2, '0000-00-00'),
('01088', 'RIYADI MINTO M', 2, '0000-00-00'),
('01091', 'PARTONO', 1, '0000-00-00'),
('01094', 'BUNAWAN TIRYA', 2, '0000-00-00'),
('01096', 'JADID WASTIKA', 2, '0000-00-00'),
('01097', 'ABDUL FATAH KASBULLAH', 2, '0000-00-00'),
('01099', 'SUBADRIYANTO', 2, '0000-00-00'),
('01101', 'SYARIFUDIN ABDUL R', 2, '0000-00-00'),
('01110', 'SUNARTO TP.', 2, '0000-00-00'),
('01111', 'SUROTO MAT KARSO', 2, '0000-00-00'),
('01112', 'HAYADI ABDUL GANI', 2, '0000-00-00'),
('01113', 'MUS MULYADI MULUD', 2, '0000-00-00'),
('01114', 'M. SUDIRMAN', 2, '0000-00-00'),
('01115', 'SUNARNO SARMAN', 2, '0000-00-00'),
('01119', 'HARTIMAN', 1, '0000-00-00'),
('01122', 'HIRA AGUNG', 2, '0000-00-00'),
('01125', 'SANWANI KADMARI', 2, '0000-00-00'),
('01126', 'SUGIANTO GIMAN', 2, '0000-00-00'),
('01136', 'SIHONO REJOINANGUN', 2, '0000-00-00'),
('01138', 'TRI HARTADI', 2, '0000-00-00'),
('01139', 'SUHARNA NANA SURWA PUTRA', 2, '0000-00-00'),
('01140', 'DARMONO RUSDI', 1, '0000-00-00'),
('01141', 'SUGIONO SAKIMAN', 2, '0000-00-00'),
('01144', 'SUTARWAN RIWAN', 2, '0000-00-00'),
('01146', 'CECEP SAEFULLAH', 2, '0000-00-00'),
('01158', 'LUKMAN HAKIM', 1, '0000-00-00'),
('01160', 'DEDI DARMAWAN', 2, '0000-00-00'),
('01162', 'M. ZAENUDIN', 2, '0000-00-00'),
('01163', 'EKO SARJOKO', 2, '0000-00-00'),
('01169', 'SALITO', 2, '0000-00-00'),
('01171', 'NUR WIBOWO', 2, '0000-00-00'),
('01172', 'IIS ROHENDI', 1, '0000-00-00'),
('01174', 'UJANG MARSUDIN', 2, '0000-00-00'),
('01175', 'PUJIONO KARYO', 2, '0000-00-00'),
('01178', 'SYAMSUL ARIEF', 2, '0000-00-00'),
('01179', 'TOTO SUSILO', 2, '0000-00-00'),
('01180', 'LULUS DUMADI', 2, '0000-00-00'),
('01181', 'SUWARDI SUPARDI', 2, '0000-00-00'),
('01187', 'TAMSIR SALI', 1, '0000-00-00'),
('01190', 'NUR HIDAYAT', 1, '0000-00-00'),
('01191', 'SLAMET HARIYADI', 2, '0000-00-00'),
('01198', 'PUJI RAHARJO', 2, '0000-00-00'),
('01201', 'ZAKARIA ANSHORI', 2, '0000-00-00'),
('01205', 'NOOR AKHMAD WIDADI', 2, '0000-00-00'),
('01208', 'SALUDIN SOKHADI', 2, '0000-00-00'),
('01209', 'KUSNADI SUGITO', 2, '0000-00-00'),
('01210', 'HANANTO', 1, '0000-00-00'),
('01211', 'HERI SANTOSO', 2, '0000-00-00'),
('01214', 'INDRA TAUFIQURRAHMAN', 2, '0000-00-00'),
('01215', 'AKIRTO DARYONO', 2, '0000-00-00'),
('01224', 'MADROJI', 2, '0000-00-00'),
('01225', 'PUJIATNO', 2, '0000-00-00'),
('01226', 'SURONO', 1, '0000-00-00'),
('01238', 'SLAMET SUBAGYA', 2, '0000-00-00'),
('01239', 'IMAM HARTONO', 1, '0000-00-00'),
('01241', 'DWI WINARSO', 1, '0000-00-00'),
('01248', 'TAUFIK HIDAYAT', 2, '0000-00-00'),
('01349', 'MUHTAR TRI HANTOKO', 2, '0000-00-00'),
('01350', 'TATA ALINTA', 2, '0000-00-00'),
('01353', 'DARMA', 2, '0000-00-00'),
('01354', 'ARIF FAHRUDIN', 2, '0000-00-00'),
('01355', 'BUDIANTO', 2, '0000-00-00'),
('01356', 'NURMADI', 2, '0000-00-00'),
('01357', 'RUDIANTO', 2, '0000-00-00'),
('01358', 'RUSWANTO', 2, '0000-00-00'),
('01359', 'SAPRUDIN', 2, '0000-00-00'),
('01360', 'CATRI SUPANDI', 2, '0000-00-00'),
('01361', 'EDY PUJIONO', 2, '0000-00-00'),
('01362', 'SAMINGUN', 1, '0000-00-00'),
('01363', 'TOIFUDIN', 2, '0000-00-00'),
('01364', 'KHOLIFATUR ROSIDIN', 1, '0000-00-00'),
('01365', 'IFAN SOFYAN', 2, '0000-00-00'),
('01366', 'WAKHID', 1, '0000-00-00'),
('01367', 'NANA SUDARNA', 1, '0000-00-00'),
('01368', 'KUSNADI', 2, '0000-00-00'),
('01369', 'SUKRON. S', 2, '0000-00-00'),
('01371', 'SOBIRIN', 2, '0000-00-00'),
('01372', 'MURYANTO', 2, '0000-00-00'),
('01373', 'KISWO PRADERO', 2, '0000-00-00'),
('01375', 'SABARIJANTO SODIKIN', 2, '0000-00-00'),
('01376', 'DARMUJI SUMBODO', 1, '0000-00-00'),
('01383', 'PARDI', 2, '0000-00-00'),
('01384', 'EMSI SUHARYANTO', 1, '0000-00-00'),
('01386', 'KURINTO', 2, '0000-00-00'),
('01387', 'WAGE UTOMO', 1, '0000-00-00'),
('01388', 'ACHMAD TOHANI', 1, '0000-00-00'),
('01394', 'YUDI PRASETYO', 1, '0000-00-00'),
('01395', 'EDI PURWANTO', 1, '0000-00-00'),
('01396', 'EDI SUSWANTO', 2, '0000-00-00'),
('01397', 'MUKHAMAD ZUHRI', 2, '0000-00-00'),
('01398', 'AHMAD SAEKHUN', 2, '0000-00-00'),
('01403', 'SUGENG PRIYADI', 2, '0000-00-00'),
('01404', 'MAMAN SULAEMAN', 2, '0000-00-00'),
('01405', 'MUJI WIDODO', 2, '0000-00-00'),
('01406', 'SUPERMANSYAH', 2, '0000-00-00'),
('01407', 'AHMAD ZARKASIH', 2, '0000-00-00'),
('01409', 'MOHAMMAD SOLIKHIN', 2, '0000-00-00'),
('01410', 'SUPRIYADI D', 2, '0000-00-00'),
('01412', 'SUSWANTO', 2, '0000-00-00'),
('01413', 'IRWANSYAH', 2, '0000-00-00'),
('01415', 'SAMSUDIN', 2, '0000-00-00'),
('01418', 'ALIF PAINO', 2, '0000-00-00'),
('01419', 'ANDRI SUMANTRI', 2, '0000-00-00'),
('01420', 'SETIYONO', 2, '0000-00-00'),
('01421', 'SUPRAYOGI', 2, '0000-00-00'),
('01422', 'MUSLIH', 2, '0000-00-00'),
('01424', 'ERI SUSANTO', 2, '0000-00-00'),
('01426', 'SUBUR', 2, '0000-00-00'),
('01427', 'NUR WACHID', 2, '0000-00-00'),
('01428', 'SLAMET WIDODO', 2, '0000-00-00'),
('01429', 'AHMAD NURSISWANTO B SAMSUDI', 2, '0000-00-00'),
('01430', 'RASITO', 1, '0000-00-00'),
('01432', 'ISRO', 1, '0000-00-00'),
('01433', 'IMRON ROSIDI', 2, '0000-00-00'),
('01434', 'TEGUH PRAMONO', 2, '0000-00-00'),
('01435', 'SUDIBYO', 1, '0000-00-00'),
('01436', 'SUNARSO', 2, '0000-00-00'),
('01437', 'LILIS SETIYADI', 2, '0000-00-00'),
('01439', 'NUNUNG NURALIM', 2, '0000-00-00'),
('01441', 'HERI WAHYUDI', 1, '0000-00-00'),
('01448', 'JUMALI', 2, '0000-00-00'),
('01449', 'SUNGATNO', 1, '0000-00-00'),
('01450', 'RUDY SETYAWAN', 2, '0000-00-00'),
('01451', 'WALNO', 1, '0000-00-00'),
('01452', 'EKO DARYONO', 2, '0000-00-00'),
('01456', 'SRIYANTO', 1, '0000-00-00'),
('01457', 'ZAINAL ARIFIN', 2, '0000-00-00'),
('01458', 'RONNY ARYANTO', 2, '0000-00-00'),
('01459', 'RUDI SETIAWAN', 1, '0000-00-00'),
('01460', 'GUNAWAN', 2, '0000-00-00'),
('01461', 'ABDUL WAHID', 1, '0000-00-00'),
('01462', 'SUSWANTORO', 2, '0000-00-00'),
('01463', 'WIDI CAHYONO', 2, '0000-00-00'),
('01468', 'MARTINUS SUGIYARNO', 2, '0000-00-00'),
('01469', 'PARYONO', 2, '0000-00-00'),
('01471', 'NURYANTO', 2, '0000-00-00'),
('01475', 'SUPRATNO', 2, '0000-00-00'),
('01478', 'TAMAT', 2, '0000-00-00'),
('01480', 'SUROTO', 2, '0000-00-00'),
('01481', 'JOKO SRIYANTO', 2, '0000-00-00'),
('01483', 'RAKIMAN', 2, '0000-00-00'),
('01485', 'PRAN RIYONO', 2, '0000-00-00'),
('01486', 'SAMIDI', 2, '0000-00-00'),
('01487', 'JARWONO', 2, '0000-00-00'),
('01488', 'SARNO', 2, '0000-00-00'),
('01489', 'MARDIYANTO', 2, '0000-00-00'),
('01493', 'ASIS PRIYONO', 2, '0000-00-00'),
('01497', 'SUWARTONO', 2, '0000-00-00'),
('01498', 'MANG GATOT', 2, '0000-00-00'),
('01499', 'MUHAMAD DIDIK SUGIYANTO', 1, '0000-00-00'),
('01500', 'MARDIYANTO', 2, '0000-00-00'),
('01501', 'MUHAMAD SOLIHIN', 2, '0000-00-00'),
('01502', 'EDY AWALUDIN GHOZALI', 1, '0000-00-00'),
('01503', 'UHAN BURHANUDIN', 2, '0000-00-00'),
('01505', 'SURYANTO', 2, '0000-00-00'),
('01508', 'HERI PURWANTO', 2, '0000-00-00'),
('01511', 'BAMBANG EDI PURNOMO', 1, '0000-00-00'),
('01513', 'HERIYANTO', 2, '0000-00-00'),
('01514', 'NUROCHMAN', 1, '0000-00-00'),
('01516', 'ROHMAT', 2, '0000-00-00'),
('01518', 'WARDIYONO', 2, '0000-00-00'),
('01567', 'CECE AEP', 1, '0000-00-00'),
('01568', 'DHANIEL CAHYADI', 2, '0000-00-00'),
('01570', 'SUMARYANTO', 1, '0000-00-00'),
('01572', 'RAHMAT HIDAYAT', 2, '0000-00-00'),
('01573', 'SUGIYATNO', 2, '0000-00-00'),
('01574', 'SURYADI', 2, '0000-00-00'),
('01575', 'JONI SETIAWAN', 2, '0000-00-00'),
('01578', 'SUPRIANTO SUKIMIN', 1, '0000-00-00'),
('01579', 'SUPRIYANTO SARIYAN', 2, '0000-00-00'),
('01581', 'RUDIYANTO SITORUS', 2, '0000-00-00'),
('01582', 'SOIMAN', 2, '0000-00-00'),
('01583', 'DENY YASIN SARANI', 2, '0000-00-00'),
('01589', 'AGUS DWIYANTO', 1, '0000-00-00'),
('01597', 'ANDRIYANA', 2, '0000-00-00'),
('01603', 'MUJIONO', 2, '0000-00-00'),
('01604', 'ZAILANI', 2, '0000-00-00'),
('01608', 'SUJIWASISNO', 2, '0000-00-00'),
('01609', 'YULIANTON', 2, '0000-00-00'),
('01610', 'KURSID', 2, '0000-00-00'),
('01611', 'PARYADI', 2, '0000-00-00'),
('01613', 'SUGENG UTOMO', 2, '0000-00-00'),
('01614', 'ICHWAN SETIAWAN', 1, '0000-00-00'),
('01617', 'SUPRIYANTO', 2, '0000-00-00'),
('01618', 'ROHMADI', 2, '0000-00-00'),
('01619', 'RUDI HARTONO', 1, '0000-00-00'),
('01620', 'URIP SUPRIONO', 2, '0000-00-00'),
('01624', 'UNTUNG SAPUTRA', 2, '0000-00-00'),
('01625', 'AGUNG MUKIMAN', 2, '0000-00-00'),
('01626', 'MULYONO', 2, '0000-00-00'),
('01627', 'SURYANA', 2, '0000-00-00'),
('01628', 'I KADE CANDRA DARMADI', 2, '0000-00-00'),
('01635', 'DODY DWI SAPUTRO', 2, '0000-00-00'),
('01641', 'ALI RAHMAN', 2, '0000-00-00'),
('01642', 'HERMAN SUSANTO', 2, '0000-00-00'),
('01643', 'DADANG SUTISNA', 1, '0000-00-00'),
('01645', 'TAMRIN HARIRI', 2, '0000-00-00'),
('01646', 'NIRWAN ARIS DWI W', 2, '0000-00-00'),
('01647', 'SYARIFUDIN', 2, '0000-00-00'),
('01648', 'WIDI YUDIASTANTO', 2, '0000-00-00'),
('01652', 'AGUS WALUYO', 2, '0000-00-00'),
('01654', 'MUHAMAD ILYAS', 2, '0000-00-00'),
('01658', 'UNTUNG RAHARJO', 2, '0000-00-00'),
('01659', 'YULIANTO', 2, '0000-00-00'),
('01660', 'TRI HANDAYA', 2, '0000-00-00'),
('01661', 'PUJI PUGUH SUKARNO', 1, '0000-00-00'),
('01662', 'HARYANTO', 2, '0000-00-00'),
('01663', 'TRI WARGONO', 2, '0000-00-00'),
('01666', 'SUMARDI', 1, '0000-00-00'),
('01667', 'AGUNG SUNARTA', 2, '0000-00-00'),
('01668', 'AGUS WIBOWO', 2, '0000-00-00'),
('01669', 'EKO NUR ROHMAN', 2, '0000-00-00'),
('01670', 'SUNARTO', 2, '0000-00-00'),
('01671', 'PURWANTO', 2, '0000-00-00'),
('01672', ' SUMADI', 2, '0000-00-00'),
('01673', 'PRAYUDI', 2, '0000-00-00'),
('01674', 'GIYANTA', 2, '0000-00-00'),
('01675', 'SUYITNO', 2, '0000-00-00'),
('01676', 'FENDIK IRAWAN', 2, '0000-00-00'),
('01677', 'DARYOTO', 2, '0000-00-00'),
('01679', 'SIGIT PURWANTO', 2, '0000-00-00'),
('01680', 'ASIYONO', 2, '0000-00-00'),
('01685', 'FAIZAL MULYAWAN', 1, '0000-00-00'),
('01688', 'MULYANTO', 2, '0000-00-00'),
('01689', 'SOLO HENDRO MARBUN', 2, '0000-00-00'),
('01690', 'SUPRIYANA', 2, '0000-00-00'),
('01691', 'SETIYANTO', 2, '0000-00-00'),
('01692', 'FAJAR ADI PRASETYO', 2, '0000-00-00'),
('01693', 'SUPRIYANTO', 2, '0000-00-00'),
('01694', 'IIS HADJI APRIADI', 2, '0000-00-00'),
('01697', 'YANA MAULANA', 2, '0000-00-00'),
('01699', 'BUDI PRIYONO', 2, '0000-00-00'),
('01700', 'KARTONO', 2, '0000-00-00'),
('01701', 'HERI PURWANTO', 2, '0000-00-00'),
('01702', 'FADRUR ROMADON', 2, '0000-00-00'),
('01704', 'ARIF PRIHANTO', 2, '0000-00-00'),
('01707', 'TRI HARSONO', 2, '0000-00-00'),
('01708', 'GUNTUR NILA AMARTANU', 2, '0000-00-00'),
('01709', 'TRI WARTO', 2, '0000-00-00'),
('01710', 'WIDODO A', 2, '0000-00-00'),
('01711', 'JOKO SAKTIAWAN', 2, '0000-00-00'),
('01718', 'AGUS RIADI', 2, '0000-00-00'),
('01719', 'RIO SUGIYANTO', 2, '0000-00-00'),
('01720', 'TEDY', 2, '0000-00-00'),
('01721', 'AHMAD SUKARI', 2, '0000-00-00'),
('01724', 'ALI PURWANTO', 2, '0000-00-00'),
('01727', 'DWI UTOMO', 2, '0000-00-00'),
('01728', 'GUNAWAN', 2, '0000-00-00'),
('01729', 'ADE FIRMANSYAH', 1, '0000-00-00'),
('01736', 'ANDIK SUPRIYANTO', 2, '0000-00-00'),
('01737', 'WINARSO', 2, '0000-00-00'),
('01740', 'HERMAWAN', 2, '0000-00-00'),
('01741', 'SUGENG RIYANTO', 2, '0000-00-00'),
('01742', 'SETIOKO', 2, '0000-00-00'),
('01743', 'EKA BASUKI', 2, '0000-00-00'),
('01744', 'SUWANTO', 2, '0000-00-00'),
('01745', 'JOKO WALUYO', 2, '0000-00-00'),
('01746', 'EKO HERU PRASETYO', 2, '0000-00-00'),
('01747', 'EDI SUWOYO', 1, '0000-00-00'),
('01748', 'SUGENG SISWANTO', 2, '0000-00-00'),
('01749', 'SRIYANTO', 2, '0000-00-00'),
('01753', 'SUTARNO', 1, '0000-00-00'),
('01754', 'SUGIYANTORO', 1, '0000-00-00'),
('01758', 'SAHRUL', 2, '0000-00-00'),
('01759', 'SUNARTO', 2, '0000-00-00'),
('01760', 'IKHWAHUDIN', 2, '0000-00-00'),
('01763', 'AHMAD ISNIN', 2, '0000-00-00'),
('01764', 'SUMAIDI', 2, '0000-00-00'),
('01765', 'SYAMSUDIN', 2, '0000-00-00'),
('01766', 'SOFIAN ZAIN', 2, '0000-00-00'),
('01767', 'IMAM MUZAYIN', 2, '0000-00-00'),
('01779', 'SRIYANTO', 2, '0000-00-00'),
('01780', 'SANDRA KURNIAWAN', 2, '0000-00-00'),
('01788', 'HERI SUSANTO', 2, '0000-00-00'),
('01789', 'PRIHATIN SANTOSO', 2, '0000-00-00'),
('01790', 'JAMALUDIN', 2, '0000-00-00'),
('01791', 'BAMBANG PRIYONO', 2, '0000-00-00'),
('01792', 'SUKISNO', 2, '0000-00-00'),
('01793', 'BAMBANG SUMITRO', 2, '0000-00-00'),
('01797', 'SUWARNO', 2, '0000-00-00'),
('01798', 'TRIYONO', 2, '0000-00-00'),
('01801', 'DUWIYANTO', 2, '0000-00-00'),
('01802', 'YUSRON SYARIFUDIN', 2, '0000-00-00'),
('01803', 'MOCHAMAD SOFIAN', 2, '0000-00-00'),
('01804', 'EKO ARYANTO', 2, '0000-00-00'),
('01805', 'TONI WESLY', 1, '0000-00-00'),
('01806', 'CHOLIK PURWANTO', 2, '0000-00-00'),
('01807', 'MAD ODJI', 2, '0000-00-00'),
('01811', 'TAUFIQ WAHYU HIDAYAT', 2, '0000-00-00'),
('01812', 'SARTONO', 2, '0000-00-00'),
('01813', 'ARIF MARFUDIN', 2, '0000-00-00'),
('01814', 'URIP SAMPURNO', 2, '0000-00-00'),
('01815', 'JUNI WINARNO', 2, '0000-00-00'),
('01816', 'KARYONO', 2, '0000-00-00'),
('01817', 'BADRA SUNARAJI', 2, '0000-00-00'),
('01821', 'PRIYADI', 1, '0000-00-00'),
('01822', 'ADE NURSAMSI', 2, '0000-00-00'),
('01823', 'NIRWAN CHAMID', 2, '0000-00-00'),
('01824', 'HARIYANTO', 2, '0000-00-00'),
('01825', 'PURWANTO', 2, '0000-00-00'),
('01832', 'NGATMAN', 2, '0000-00-00'),
('01833', 'SUTARDI', 2, '0000-00-00'),
('01834', 'DIDI RADI', 2, '0000-00-00'),
('01835', 'DURYATNO', 2, '0000-00-00'),
('01836', 'FIRMANSYAH', 2, '0000-00-00'),
('01838', 'NANANG HERMANTO', 2, '0000-00-00'),
('01839', 'SYUHADA RIZAL', 2, '0000-00-00'),
('01843', 'HARI SARJOKO', 2, '0000-00-00'),
('01847', 'HARTAWAN NUGROHO', 2, '0000-00-00'),
('01854', 'DIDING ABDUL KODIR', 2, '0000-00-00'),
('01856', 'DWI KASTANTO', 2, '0000-00-00'),
('01861', 'DIDIN MUJTAHIDIN', 2, '0000-00-00'),
('01862', 'SUNARTO', 2, '0000-00-00'),
('01873', 'NOOR SUBKHI FARIZAL M.', 0, '0000-00-00'),
('01883', 'MARIONO', 2, '0000-00-00'),
('01884', 'YANYAN HERIYANTO', 2, '0000-00-00'),
('01889', 'ATAR', 2, '0000-00-00'),
('01891', 'DEDE RUSLAN', 2, '0000-00-00'),
('01892', 'ROHMAN', 2, '0000-00-00'),
('01904', 'DENNY EKO PRIHANANTO', 2, '0000-00-00'),
('01910', 'REZKY EKO WIBOWO', 2, '0000-00-00'),
('01912', 'SETIYO', 2, '0000-00-00'),
('01913', 'MULYANTO', 2, '0000-00-00'),
('01915', 'JOKO WAHYUDI', 2, '0000-00-00'),
('01920', 'EKO HARYANTO', 2, '0000-00-00'),
('01921', 'EDI WALUYO', 2, '0000-00-00'),
('01923', 'ASEP YAHYA RAHAYU', 1, '0000-00-00'),
('01924', 'NANDANG HERBIANSYAH', 2, '0000-00-00'),
('01925', 'TRIYANTO', 2, '0000-00-00'),
('01926', 'AHMAD SYARIFUDIN', 2, '0000-00-00'),
('01927', 'AGUN BUDIONO', 2, '0000-00-00'),
('01928', 'MUKHLISIN', 1, '0000-00-00'),
('01929', 'SATIYONO', 1, '0000-00-00'),
('01931', 'PURNOMO', 2, '0000-00-00'),
('01933', 'NARIYO', 2, '0000-00-00'),
('01939', 'RUSLAN TIARUDIN', 2, '0000-00-00'),
('01943', 'TRI HARTADI', 1, '0000-00-00'),
('01945', 'NURWANTO', 2, '0000-00-00'),
('01946', 'ADE ALI HAMDANI', 1, '0000-00-00'),
('01947', 'AHWALUDIN AL AZIZ', 2, '0000-00-00'),
('01948', 'MOCHAMMAD JAJAM', 1, '0000-00-00'),
('01953', 'SUSAN CAHYADI PRAYITNO', 2, '0000-00-00'),
('01954', 'PUTUT PUJIONO', 2, '0000-00-00'),
('01956', 'HARIS KURNIAWAN', 2, '0000-00-00'),
('01962', 'ANDIK SANTOSO', 2, '0000-00-00'),
('01963', 'DANANG TRI PRASETYO', 1, '0000-00-00'),
('01964', 'KALIS AFRIYOKO', 2, '0000-00-00'),
('01965', 'YULIANTO', 2, '0000-00-00'),
('01966', 'WIDODO B', 2, '0000-00-00'),
('01970', 'ARI KRISTIYANTO S', 2, '0000-00-00'),
('01974', 'ARYANTO', 2, '0000-00-00'),
('01975', 'PUGUH PRATANTO', 2, '0000-00-00'),
('01977', 'KHAMDAN RAHMADI', 1, '0000-00-00'),
('01978', 'SURYA ADITYA', 2, '0000-00-00'),
('01981', 'TEGUH EKO PRASETYO', 2, '0000-00-00'),
('01986', 'HERI SUNARYA', 2, '0000-00-00'),
('01988', 'INGAM', 2, '0000-00-00'),
('01989', 'MUJIONO', 2, '0000-00-00'),
('01993', 'SULIYONO', 2, '0000-00-00'),
('01994', 'HARI SUSILO', 2, '0000-00-00'),
('01996', 'HERI ISWANTO', 2, '0000-00-00'),
('01997', 'MULYANA', 2, '0000-00-00'),
('01999', 'SARWANTO', 2, '0000-00-00'),
('02000', 'MUHAMAD RIZAL', 2, '0000-00-00'),
('02002', 'PURWANDI', 2, '0000-00-00'),
('02004', 'IIK ANWAR', 2, '0000-00-00'),
('02007', 'DWI SANTOSO', 2, '0000-00-00'),
('02008', 'FIRMANSYAH', 2, '0000-00-00'),
('02009', 'CHOIRUS SHOLIH', 2, '0000-00-00'),
('02010', 'EKO KISWANTO', 2, '0000-00-00'),
('02020', 'DONI SYHONO', 2, '0000-00-00'),
('02021', 'YOSEF AKBAR', 2, '0000-00-00'),
('02023', 'ALMONDA FERDINAN PAMUJI T', 2, '0000-00-00'),
('02027', 'TARRY', 2, '0000-00-00'),
('02032', 'ASAN SOPIAN', 1, '0000-00-00'),
('02039', 'ROCHMAD SUSILO', 2, '0000-00-00'),
('02040', 'BUDI HASTONO', 2, '0000-00-00'),
('02041', 'SUTARTO', 2, '0000-00-00'),
('02042', 'MUHAMMAD ALI', 2, '0000-00-00'),
('02044', 'TRI AGUNG FEBRIANTORO', 2, '0000-00-00'),
('02046', 'KUSNANTO', 2, '0000-00-00'),
('02055', 'RIBUT WIDIANTO', 2, '0000-00-00'),
('02059', 'AHMAD RIKI YADI', 2, '0000-00-00'),
('02060', 'WAHYUDI SANTOSA', 1, '0000-00-00'),
('02061', 'SUGENG', 2, '0000-00-00'),
('02062', 'SUYOTO', 2, '0000-00-00'),
('02063', 'ARIS ISWADI', 1, '0000-00-00'),
('02066', 'SUTOPO', 2, '0000-00-00'),
('02071', 'MOHAMAD NASICHIN', 2, '0000-00-00'),
('02072', 'ANAS SUBANDI', 2, '0000-00-00'),
('02073', 'YULY PRIYANTO', 2, '0000-00-00'),
('02074', 'MINARNO', 2, '0000-00-00'),
('02081', 'RIGIANTO', 2, '0000-00-00'),
('02083', 'MAHENDRA ASRI', 2, '0000-00-00'),
('02084', 'ADE RAMDAN AWALUDIN', 2, '0000-00-00'),
('02085', 'SYUMAN JAYA', 2, '0000-00-00'),
('02088', 'AZIZ ANDRIANTO', 2, '0000-00-00'),
('02090', 'HENDRA JULIANTO', 0, '0000-00-00'),
('02091', 'ABDUL ROHMAN', 2, '0000-00-00'),
('02092', 'SEPTIAN DWI KURNIAWAN', 2, '0000-00-00'),
('02093', 'WAKID BUDIARTO', 2, '0000-00-00'),
('02095', 'HERU PRASETYAWAN', 2, '0000-00-00'),
('02096', 'ADI BAYU PRADHIKTA', 2, '0000-00-00'),
('02097', 'JOKO PRASETYO', 2, '0000-00-00'),
('02102', 'TOBIIN', 1, '0000-00-00'),
('02103', 'TRI WAHYU BUDI UTOMO', 0, '0000-00-00'),
('02105', 'DIAN RUSDIANA', 1, '0000-00-00'),
('02108', 'ABDUL JABAR', 2, '0000-00-00'),
('02109', 'PIKA HARYAWAN', 2, '0000-00-00'),
('02110', 'BUDIYANTO', 2, '0000-00-00'),
('02111', 'BAYU PURNAMA', 2, '0000-00-00'),
('02112', 'YULIANTO', 2, '0000-00-00'),
('02118', 'JASMANI', 2, '0000-00-00'),
('02119', 'ADE RIDWAN NURDIN', 2, '0000-00-00'),
('02120', 'DANU HARTANTO', 2, '0000-00-00'),
('02123', 'MUHAMAD YUSUF', 2, '0000-00-00'),
('02124', 'TRI MULYONO', 2, '0000-00-00'),
('02126', 'RIYANTO', 1, '0000-00-00'),
('02127', 'DWI SUSANTO', 1, '0000-00-00'),
('02128', 'MOCH. TAUFAN SETIAWAN', 1, '0000-00-00'),
('02129', 'ELI MUSTOFA', 2, '0000-00-00'),
('02130', 'EDI NURWANTO', 2, '0000-00-00'),
('02131', 'NAJUN NURYADI', 1, '0000-00-00'),
('02133', 'R. SANDI IRAWAN', 2, '0000-00-00'),
('02134', 'JON SINDARTO', 2, '0000-00-00'),
('02135', 'RICKY FIRDIANSYAH', 0, '0000-00-00'),
('02137', 'JOKO SUROTO', 2, '0000-00-00'),
('02138', 'JUNARTO', 2, '0000-00-00'),
('02139', 'LILIK ANDRIANTO', 2, '0000-00-00'),
('02140', 'FIRDOS', 0, '0000-00-00'),
('02145', 'ANDI', 2, '0000-00-00'),
('02146', 'WINOTO', 2, '0000-00-00'),
('02147', 'KURNIAWAN', 2, '0000-00-00'),
('02152', 'AHMAD SAPRUDIN', 2, '0000-00-00'),
('02154', 'SURIPNO', 2, '0000-00-00'),
('02155', 'AMIN TRI SURIPTO', 2, '0000-00-00'),
('02157', 'DWI PRAPTONO', 2, '0000-00-00'),
('02158', 'MOHAMAD HARIYADI', 2, '0000-00-00'),
('02159', 'WIJI SURANTO', 2, '0000-00-00'),
('02160', 'RIFKI ARYADI', 2, '0000-00-00'),
('02161', 'ROBI KISWANTO', 2, '0000-00-00'),
('02162', 'MARETA DWIYANTO', 2, '0000-00-00'),
('02164', 'WIJI SUGIYANTO', 2, '0000-00-00'),
('02165', 'SUHARJA', 2, '0000-00-00'),
('02166', 'AGUS WINARTO', 2, '0000-00-00'),
('02167', 'EKO WIDADI', 2, '0000-00-00'),
('02169', 'MUHAMAD TOHIR', 1, '0000-00-00'),
('02170', 'KRESBIANTORO', 2, '0000-00-00'),
('02174', 'EKO HERRY FEBRIYANTO', 2, '0000-00-00'),
('02176', 'SUKIRNO', 2, '0000-00-00'),
('02177', 'WAWAN SETIAWAN', 2, '0000-00-00'),
('02178', 'MOHAMAD SODIKIN', 2, '0000-00-00'),
('02179', 'MARIYONI', 2, '0000-00-00'),
('02185', 'BAMBANG SUPRIYANTO', 1, '0000-00-00'),
('02187', 'BAYU PRATAMA PUTRA', 2, '0000-00-00'),
('02190', 'SARJONO', 2, '0000-00-00'),
('02191', 'SYAIFUL AMRI', 2, '0000-00-00'),
('02193', 'ABDUL ROCHIM', 2, '0000-00-00'),
('02194', 'AHMAD FAUZI', 2, '0000-00-00'),
('02195', 'BAYU SETIAWAN', 2, '0000-00-00'),
('02196', 'EKO PRASETYO', 2, '0000-00-00'),
('02197', 'MOKO APRI PAMUDI', 2, '0000-00-00'),
('02198', 'WAHYUDI', 2, '0000-00-00'),
('02199', 'WAHYU EKO PRASETYO', 2, '0000-00-00'),
('02201', 'IRFANGI', 2, '0000-00-00'),
('02207', 'RIYANTO', 2, '0000-00-00'),
('02208', 'SURYADI', 2, '0000-00-00'),
('02209', 'MUAMAR FAUJI', 2, '0000-00-00'),
('02210', 'MUHTOHAR', 2, '0000-00-00'),
('02211', 'AGUS GHOFUR', 2, '0000-00-00'),
('02214', 'HERIYANTO', 2, '0000-00-00'),
('02215', 'SANYOTO', 2, '0000-00-00'),
('02217', 'AGUS HERDIANA', 2, '0000-00-00'),
('02219', 'AHIM', 2, '0000-00-00'),
('02220', 'RETNO WIDODO', 2, '0000-00-00'),
('02225', 'TAUFIK KURNIAWAN', 2, '0000-00-00'),
('02226', 'ASEP KUSNADI', 2, '0000-00-00'),
('02227', 'AGUS HERMAWAN', 2, '0000-00-00'),
('02228', 'AHMAD EFENDI', 2, '0000-00-00'),
('02230', 'DEDE SOLEMAN', 2, '0000-00-00'),
('02231', 'MARDIANTO', 2, '0000-00-00'),
('02232', 'PUJI TARNOTO', 2, '0000-00-00'),
('02234', 'SUPRIYADI', 2, '0000-00-00'),
('02236', 'HENDRAWAN', 2, '0000-00-00'),
('02238', 'IHWAN EFENDI', 2, '0000-00-00'),
('02239', 'EKO MURDIYANTO', 1, '0000-00-00'),
('02240', 'SISWANTO', 2, '0000-00-00'),
('02243', 'ROSIDI', 2, '0000-00-00'),
('02244', 'WARKAN', 2, '0000-00-00'),
('02245', 'MUHAMMAD SAIFUL HADI', 2, '0000-00-00'),
('02246', 'ARIS NOVIANTO', 2, '0000-00-00'),
('02247', 'DEDI KUSDIANA', 2, '0000-00-00'),
('02248', 'SOIMIN', 2, '0000-00-00'),
('02249', 'UJIANTO', 2, '0000-00-00'),
('02251', 'FAJAR ROHMADI', 0, '0000-00-00'),
('02252', 'ABDUL KHOLIQ', 2, '0000-00-00'),
('02253', 'SUPARMAN', 2, '0000-00-00'),
('02254', 'DWI RISUDA SUSAWANDAR', 2, '0000-00-00'),
('02255', 'TRI YULIANA', 2, '0000-00-00'),
('02256', 'GESTIAWAN', 2, '0000-00-00'),
('02259', 'SURANTO', 2, '0000-00-00'),
('02260', 'JUMANTO', 2, '0000-00-00'),
('02261', 'PURWANTO', 1, '0000-00-00'),
('02262', 'RAJU IRAWAN', 2, '0000-00-00'),
('02263', 'ANDRI SUYATNO', 2, '0000-00-00'),
('02264', 'EKO TRIUDIN', 2, '0000-00-00'),
('02265', 'SYARIFUDIN YAHYA', 2, '0000-00-00'),
('02268', 'JOKO SUTOPO', 2, '0000-00-00'),
('02269', 'MARYONO', 2, '0000-00-00'),
('02272', 'ERI SAMSUDIN', 2, '0000-00-00'),
('02273', 'SUDRAJAT', 2, '0000-00-00'),
('02274', 'SYAHRUL ANAM', 2, '0000-00-00'),
('02275', 'WAHYU DWI PRASETYO', 2, '0000-00-00'),
('02280', 'HANDIK GUNANTO', 2, '0000-00-00'),
('02281', 'AZIS PRIAN BASUKI', 2, '0000-00-00'),
('02282', 'SUTRISNO', 2, '0000-00-00'),
('02284', 'DADANG KURNIAWAN', 2, '0000-00-00'),
('02289', 'ARIS WIDIANTO', 2, '0000-00-00'),
('02290', 'MUHSININ', 2, '0000-00-00'),
('02291', 'MU''AMMAR KADHOFI', 2, '0000-00-00'),
('02297', 'ADE SUPRIYANTO', 2, '0000-00-00'),
('02298', 'RISTIYONO', 2, '0000-00-00'),
('02301', 'ARIF HIDAYAT', 2, '0000-00-00'),
('02304', 'HARI AGUNG NUGRAHA', 0, '0000-00-00'),
('02308', 'M. YUSUF INDRAWAN', 2, '0000-00-00'),
('02309', 'HAMID FATHONI', 2, '0000-00-00'),
('02314', 'ARI PAMBUDI', 2, '0000-00-00'),
('02315', 'HENKI ARYANTO WIBOWO', 1, '0000-00-00'),
('02319', 'LUKMAN', 2, '0000-00-00'),
('02320', 'SAYFUL BAHRI', 2, '0000-00-00'),
('02329', 'I. JANARTANAN', 0, '0000-00-00'),
('02330', 'BAGUS SETIYANTO', 1, '0000-00-00'),
('02334', 'ZAQI FUADI', 1, '0000-00-00'),
('02335', 'INDRA PRISTIANTO', 2, '0000-00-00'),
('02336', 'AGUNG NUGROHO', 2, '0000-00-00'),
('02337', 'AGUS TRI SUSANTO', 2, '0000-00-00'),
('02342', 'MASRONI', 2, '0000-00-00'),
('02343', 'MOHAMAD KHABIBI', 2, '0000-00-00'),
('02344', 'PURNAMA AGUS WIBOWO', 2, '0000-00-00'),
('02350', 'TAMAN SUHERMAN', 2, '0000-00-00'),
('02351', 'TEGUH', 2, '0000-00-00'),
('02352', 'SUNARSO', 2, '0000-00-00'),
('02353', 'WAWANG WIGUNA', 2, '0000-00-00'),
('02354', 'DIYAN YUNIANTO', 2, '0000-00-00'),
('02357', 'DWIYANTO', 2, '0000-00-00'),
('02358', 'DARYONO', 2, '0000-00-00'),
('02359', 'EKO SUPRIYONO', 2, '0000-00-00'),
('02366', 'DOAN MARSANO', 2, '0000-00-00'),
('02367', 'DENI RIZKI BAYU SAPUTRO', 2, '0000-00-00'),
('02368', 'IWAN SIGIT PURNOMO', 2, '0000-00-00'),
('02370', 'SABDO KUNCORO', 2, '0000-00-00'),
('02371', 'KHOIDATUN ZAINURI', 1, '0000-00-00'),
('02374', 'RIBUD SUMADI', 2, '0000-00-00'),
('02375', 'DEDE SUKARMAN', 2, '0000-00-00'),
('02377', 'GALIH UKTRADA', 2, '0000-00-00'),
('02380', 'WAWAN GUNAWAN', 2, '0000-00-00'),
('02387', 'CAHYANA', 2, '0000-00-00'),
('02390', 'ACHMAD EFFENDI', 2, '0000-00-00'),
('02394', 'ANNAS KHOIRUL MUTAQIN', 2, '0000-00-00'),
('02395', 'HARTANTO', 1, '0000-00-00'),
('02397', 'ERWAN PEBRIYANTO', 2, '0000-00-00'),
('02406', 'NURJAYA FIKRI ALAMSYAH', 2, '0000-00-00'),
('02408', 'ILYASA YUDISTIRA', 2, '0000-00-00'),
('02412', 'JEMI SETIADI', 2, '0000-00-00'),
('02413', 'CHRISTIAN FERRY SAPUTRA', 0, '0000-00-00'),
('02416', 'ERLI HANDOKO', 2, '0000-00-00'),
('02421', 'AKHMAD ZAMRONI', 2, '0000-00-00'),
('02423', 'FATONI', 2, '0000-00-00'),
('02424', 'BAYU SUSILO', 2, '0000-00-00'),
('02425', 'SINO', 2, '0000-00-00'),
('02426', 'WIJI SAPUTRO', 2, '0000-00-00'),
('02427', 'RACHMAT BUDIARTO', 2, '0000-00-00'),
('02432', 'NUR SALIM', 2, '0000-00-00'),
('02434', 'SANTOSO', 2, '0000-00-00'),
('02437', 'MAKDUM IBRAHIM', 2, '0000-00-00'),
('02441', 'REZA NUGRAHA', 2, '0000-00-00'),
('02442', 'BUDI ARYANTO', 2, '0000-00-00'),
('02443', 'ANDI YULIANTO', 2, '0000-00-00'),
('02445', 'AGUS SANJAYA', 2, '0000-00-00'),
('02446', 'TEGUH SETIAWAN', 2, '0000-00-00'),
('02448', 'IRWANTO', 1, '0000-00-00'),
('02452', 'BUDI FITRIANTO', 2, '0000-00-00'),
('02454', 'MOHAMMAD ROLIS', 2, '0000-00-00'),
('02458', 'ARDI PRASETYA', 2, '0000-00-00'),
('02460', 'HARRY SEPTIAWAN', 2, '0000-00-00'),
('02461', 'JOKO SUSANTO', 2, '0000-00-00'),
('02462', 'AGUS SETIAWAN', 2, '0000-00-00'),
('02463', 'NURIDIN', 2, '0000-00-00'),
('02477', 'RUSSY AMY', 2, '0000-00-00'),
('02479', 'INDRA PERMADI', 2, '0000-00-00'),
('02480', 'RIKO HIDAYAT', 2, '0000-00-00'),
('02481', 'POUNDRA NUR OKKY R.N.', 0, '0000-00-00'),
('02482', 'NUGROHO HADI SAPUTRO', 0, '0000-00-00'),
('02483', 'REKIYARTO', 2, '0000-00-00'),
('02487', 'DWI BUDI SETIAWAN', 2, '0000-00-00'),
('02491', 'SABDO ARYO PANITIS', 0, '0000-00-00'),
('02492', 'RULLI NURIYANA', 2, '0000-00-00'),
('02499', 'IKO DIDIT SETYA BUDI', 2, '0000-00-00'),
('02501', 'AHMAD MUSTAJAB', 2, '0000-00-00'),
('02502', 'KIKI SUPRIYONO', 2, '0000-00-00'),
('02508', 'JEFFRI SETIAWAN', 0, '0000-00-00'),
('02509', 'RONA WANDANI', 2, '0000-00-00'),
('02510', 'KIKI RAMDHANI', 0, '0000-00-00'),
('02511', 'ADAM FERDIAN', 2, '0000-00-00'),
('02513', 'MOH. MARUP', 2, '0000-00-00'),
('02526', 'ENDRI AFRIYANTO', 2, '0000-00-00'),
('02529', 'GUNAWAN DARMANTO', 2, '0000-00-00'),
('02530', 'YAKUF OKSIANDI', 2, '0000-00-00'),
('02531', 'NUGROHO ADIYOKO', 2, '0000-00-00'),
('02532', 'MUHAMMAD RIDWAN', 2, '0000-00-00'),
('02538', 'KUSUMA ANDRIYANTO', 2, '0000-00-00'),
('02539', 'DEKKY RISKI WINARNO', 2, '0000-00-00'),
('02540', 'PANDU WASKITO AJI PUSPA WILAGA', 2, '0000-00-00'),
('02550', 'FENDY NAKASAPUTRA', 2, '0000-00-00'),
('02551', 'RHEZA MAHESA', 0, '0000-00-00'),
('02556', 'AGUNG SETYAWAN', 2, '0000-00-00'),
('02558', 'YAZALUNA ISTIGHFARI H. RIZKY', 0, '0000-00-00'),
('02559', 'WAHYUDA RAKHMATULLAH', 0, '0000-00-00'),
('02572', 'NANANG KARTIKA SUSIYANI WAHAB', 0, '0000-00-00'),
('02574', 'RHOMAWAN DWI SAPUTRA', 0, '0000-00-00'),
('02576', 'SEPTIAWAN YUDHA P.', 0, '0000-00-00'),
('02577', 'ONKY ARI WIBOWO', 0, '0000-00-00'),
('02578', 'DA''I FERRELLY', 2, '0000-00-00'),
('02579', 'KHAIRUL MUHARAM', 2, '0000-00-00'),
('02582', 'MUHAMAD TAUFIK ALHAKIM', 0, '0000-00-00'),
('02584', 'NIZAR ZAINI AKHSAN', 2, '0000-00-00'),
('02586', 'YUDHI ARIS SETIYAWAN', 0, '0000-00-00'),
('02593', 'CHARLES ', 0, '0000-00-00'),
('02615', 'JERI ARDIYANTO', 0, '0000-00-00'),
('02618', 'RAHMAT PRIYONO', 0, '0000-00-00'),
('02631', 'RAHMAT WIJAYA', 0, '0000-00-00'),
('02639', 'NUUN RAIS JIHAD WIJAYA', 0, '0000-00-00'),
('02642', 'AKBAR DWI MARJOKO', 0, '0000-00-00'),
('1009', 'WAHYU DWI PURNOMO', 2, '0000-00-00'),
('1065', 'SAYUTI NAIH', 2, '0000-00-00'),
('1138', 'TRI HARTADI', 2, '0000-00-00'),
('1171', 'NUR WIBOWO', 2, '0000-00-00'),
('1178', 'SYAMSUL ARIEF', 2, '0000-00-00'),
('1211', 'HERI SANTOSO', 2, '0000-00-00'),
('1354', 'ARIF FAHRUDIN', 2, '0000-00-00'),
('1355', 'BUDIANTO', 2, '0000-00-00'),
('1420', 'SETIYONO', 2, '0000-00-00'),
('1422', 'MUSLIH', 2, '0000-00-00'),
('1451', 'WALNO', 2, '0000-00-00'),
('1481', 'JOKO SRIYANTO', 2, '0000-00-00'),
('1503', 'UHAN BURHANUDIN', 2, '0000-00-00'),
('1575', 'JONI SETIAWAN', 2, '0000-00-00'),
('1582', 'SOIMAN', 2, '0000-00-00'),
('1597', 'ANDRIYANA', 2, '0000-00-00'),
('1668', 'AGUS WIBOWO', 2, '0000-00-00'),
('1700', 'KARTONO', 2, '0000-00-00'),
('1740', 'HERMAWAN', 2, '0000-00-00'),
('1742', 'SETIOKO', 2, '0000-00-00'),
('1766', 'SOFIAN ZAIN', 2, '0000-00-00'),
('1767', 'IMAM MUZAYIN', 2, '0000-00-00'),
('1788', 'HERI SUSANTO', 2, '0000-00-00'),
('1835', 'DURYATNO', 2, '0000-00-00'),
('1861', 'DIDIN MUJTAHIDIN', 2, '0000-00-00'),
('1926', 'AHMAD SYARIFUDIN', 2, '0000-00-00'),
('1947', 'AHWALUDIN AL AZIZ', 2, '0000-00-00'),
('1964', 'KALIS AFRIYOKO', 2, '0000-00-00'),
('2021', 'YOSEF AKBAR', 2, '0000-00-00'),
('2027', 'TARRY', 2, '0000-00-00'),
('2041', 'SUTARTO', 2, '0000-00-00'),
('2044', 'TRI AGUNG FEBRIANTORO', 2, '0000-00-00'),
('2060', 'WAHYUDI SANTOSA', 2, '0000-00-00'),
('2061', 'SUGENG', 2, '0000-00-00'),
('2073', 'YULY PRIYANTO', 2, '0000-00-00'),
('2085', 'SYUMAN JAYA', 2, '0000-00-00'),
('2092', 'SEPTIAN DWI KURNIAWAN', 2, '0000-00-00'),
('2096', 'ADI BAYU PRADHIKTA', 2, '0000-00-00'),
('2129', 'ELI MUSTOFA', 2, '0000-00-00'),
('2174', 'EKO HERRY FEBRIYANTO', 2, '0000-00-00'),
('2178', 'MOHAMAD SODIKIN', 2, '0000-00-00'),
('2179', 'MARIYONI', 2, '0000-00-00'),
('2198', 'WAHYUDI', 2, '0000-00-00'),
('2240', 'SISWANTO', 2, '0000-00-00'),
('2280', 'HANDIK GUNANTO', 2, '0000-00-00'),
('2297', 'ADE SUPRIYANTO', 2, '0000-00-00'),
('2298', 'RISTIYONO', 2, '0000-00-00'),
('2309', 'HAMID FATHONI', 2, '0000-00-00'),
('2330', 'BAGUS SETIYANTO', 2, '0000-00-00'),
('2335', 'INDRA PRISTIANTO', 2, '0000-00-00'),
('2336', 'AGUNG NUGROHO', 2, '0000-00-00'),
('2350', 'TAMAN SUHERMAN', 2, '0000-00-00'),
('2352', 'SUNARSO', 2, '0000-00-00'),
('2368', 'IWAN SIGIT PURNOMO', 2, '0000-00-00'),
('2370', 'SABDO KUNCORO', 2, '0000-00-00'),
('2395', 'HARTANTO', 2, '0000-00-00'),
('2397', 'ERWAN PEBRIYANTO', 2, '0000-00-00'),
('2408', 'ILYASA YUDISTIRA', 2, '0000-00-00'),
('2427', 'RACHMAT BUDIARTO', 2, '0000-00-00'),
('2460', 'HARRY SEPTIAWAN', 2, '0000-00-00'),
('2483', 'REKIYARTO', 2, '0000-00-00'),
('845', 'ISMANTA HARSANA', 2, '0000-00-00'),
('926', 'IMAM MAHDI', 2, '0000-00-00'),
('944', 'HERMAN KAMBARUDIN', 2, '0000-00-00'),
('945', 'AHMAD YANI', 2, '0000-00-00'),
('973', 'AGUS RIYADI', 2, '0000-00-00'),
('992', 'EDI SANTOSO', 2, '0000-00-00'),
('K10296', 'ANDRA RAMADHAN', 2, '2022-01-06'),
('K10298', 'FERRLI FEBRI ANTONI', 2, '2022-01-06'),
('K10300', 'MUHAMMAD RUDI KURNIAWAN', 2, '2022-01-06'),
('K10302', 'DIKA PERMANA', 2, '2022-02-07'),
('K10303', 'FAKHRURROZI', 2, '2022-02-07'),
('K10306', 'NABILA HIDAYAT TULLOH', 2, '2022-02-07'),
('K10309', 'RIYO ADRIYAN', 2, '2022-02-07'),
('K10310', 'RIZAL ADITIYA ALFIANSYAH', 2, '2022-02-07'),
('K10311', 'RIZKI RISDIANSYAH ASHARI', 2, '2022-02-07'),
('K10312', 'AKHDIYAT SAPUTRA', 2, '2022-02-07'),
('K10317', 'MA''MUN PURNOMO', 2, '2022-02-07'),
('K10318', 'MUHAMMAD IBNU LATIF', 2, '2022-02-07'),
('K10320', 'NANANG SURAHMAN', 2, '2022-02-07'),
('K10321', 'VICKY AFRIYANDI', 2, '2022-02-07'),
('K10322', 'MUHAMAD ALI MAHMUD', 2, '2022-02-07'),
('K10323', 'IRFA LUSI IMAMI', 2, '2022-02-07'),
('K10325', 'MIFTAKHUDIN', 2, '2022-02-11'),
('K10326', 'PUTRA PAMUNGKAS', 2, '2022-02-11'),
('K10327', 'EDO RESMA HENGKI', 2, '2022-02-14'),
('K10329', 'KHAFIDH GHUFRON AFANI', 2, '2022-02-14'),
('K10330', 'AHMAD REVANI', 2, '2022-02-14'),
('K10332', 'ALDI HAMDI', 2, '2022-03-14'),
('K10333', 'CACA HENDRAWAN', 2, '2022-03-14'),
('K10334', 'DIFA SAIF ABDILLAH', 2, '2022-03-14'),
('K10335', 'FREDY BAYU SAPUTRO', 2, '2022-03-14'),
('K10336', 'BAGUS KUSUMO', 2, '2022-03-14'),
('K10338', 'YUDA ADI BASKARA', 2, '2022-03-14'),
('K10339', 'ANDRE PRATAMA', 2, '2022-03-14'),
('K10341', 'FAOJAN HOERUDIN', 2, '2022-03-14'),
('K10342', 'FICKY NUR FAISAL', 2, '2022-03-14'),
('K10343', 'IDHO DWI ARISQI', 2, '2022-03-14'),
('K10344', 'KHILDAN BAIHAQI SHOLEKHAN', 2, '2022-03-14'),
('K10345', 'M SYAIFUL MURTADLO', 2, '2022-03-14'),
('K10347', 'KRISNA OMAN SAPUTRA', 2, '2022-03-14'),
('K10349', 'SUGENG SUPRIADI', 2, '2022-03-14'),
('K10350', 'LUKMAN AZIZ', 2, '2022-03-14'),
('K10351', 'TOBAGUS ALI NOPAN', 2, '2022-03-14'),
('K10353', 'MUHAMMAD AFIF HAWARI', 2, '2022-05-12'),
('K10355', 'REZA JASUMA FITRI YANTO', 2, '2022-05-12'),
('K10356', 'IRKHASUL KHOLQI', 2, '2022-05-12'),
('K10357', 'TARMONO', 2, '2022-05-12'),
('K10358', 'MUHAMMAD FAJAR FADHLI', 2, '2022-05-12'),
('K10359', 'TYAN FERDIANSYAH', 2, '2022-05-12'),
('K10360', 'MUCHAMMAD TAZUL FAJARI', 2, '2022-05-12'),
('K10361', 'SYAHRUL IRVAN MAULANA', 2, '2022-05-12'),
('K10362', 'WAHYU', 2, '2022-05-12'),
('K10364', 'FERDIAN SURYA BRAMANTI', 2, '2022-05-12'),
('K10365', 'RAHMAN NUR SUBAGYO', 2, '2022-05-12'),
('K10366', 'ZAKI SYIFA RIYADI', 2, '2022-05-12'),
('K10367', 'RIYONO AJI PRAKOSO', 2, '2022-05-12'),
('K10369', 'ARIF RAHMAN', 2, '2022-05-12'),
('K10370', 'FIKIH ARIF VENANDY', 2, '2022-05-12'),
('K10371', 'FIKRI ARDI SETIAWAN', 2, '2022-05-12'),
('K10372', 'MAHESA DWI WINDARTO', 2, '2022-05-12'),
('K10373', 'NASSRULLAAH', 2, '2022-05-12'),
('K10374', 'RIO YOHAN ANDRIANSYAH', 2, '2022-05-12'),
('K10376', 'MUHAMMAD FAJAR', 2, '2022-05-12'),
('K10377', 'AGUNG GUNAWAN', 2, '2022-05-12'),
('K10378', 'DIMAS ARI WIBOWO', 2, '2022-05-12'),
('K10382', 'ANANDA RIFKI MAULANA', 2, '2022-05-19'),
('K10383', 'ANAS BIN ABDULLOH ALBUSTARY', 2, '2022-05-19'),
('K10388', 'ARUN IFROHAN ROZI', 2, '2022-06-13'),
('K10389', 'ANDREAN', 2, '2022-06-13'),
('K10390', 'ARDISTYA FARREL SYAHPUTRA', 2, '2022-06-13'),
('K10391', 'DENDI SUGIONO', 2, '2022-06-13'),
('K10392', 'DAFFA ANARYA RIZKY', 2, '2022-06-13'),
('K10393', 'ACHMAD MAULANA', 2, '2022-06-13'),
('K10394', 'PENDRA ARDIANSYAH', 2, '2022-06-13'),
('K10395', 'MUHAMMAD RIDWAN YUSUF', 2, '2022-06-13'),
('K10396', 'MAHPUTD ZAKARIA', 2, '2022-06-13'),
('K10397', 'MAHADI RAMLAN ISMAIL', 2, '2022-06-13'),
('K10399', 'ABDUL AZIS', 2, '2022-06-13'),
('K10402', 'AHMAD DHANI HERLAMBANG', 2, '2022-06-13'),
('K10403', 'THENAR FIKY ARYASTA', 2, '2022-06-13'),
('K10404', 'YUDI PRATAMA', 2, '2022-06-13'),
('K10405', 'ALFARIZI ADITYA PUTRA', 2, '2022-06-13'),
('K10407', 'DASTIAN CAHYA RAMADHAN', 2, '2022-06-17'),
('K10409', 'LUCKI WIDIYANTO', 2, '2022-06-17'),
('K10410', 'NURDIN MUZAQI', 2, '2022-06-17'),
('K10411', 'AHMAD RAFI SIROJUDIN', 2, '2022-06-17'),
('K10412', 'MOHAMMAD NURDIANTO', 2, '2022-06-17'),
('K10415', 'RIZKI ANDRI WIDIATMOKO', 2, '2022-06-17'),
('K10416', 'RIYAN MUJIONO', 2, '2022-06-17'),
('K10417', 'YOAN PANGGIH NUGROHO', 2, '2022-06-27'),
('K10418', 'NASHIRUDDIN MUSYAFFA', 2, '2022-06-27'),
('K10419', 'ASA HERKATA', 2, '2022-06-27'),
('K10420', 'IMAM BAGUS KURNIAWAN', 2, '2022-06-27'),
('K10421', 'RIZAL AFIFUDIN', 2, '2022-06-27'),
('K10423', 'BAGUS ANGGITO', 2, '2022-06-27'),
('K10424', 'MUHAMAD IQBAL KAMALUDIN', 2, '2022-06-27'),
('K10425', 'ADITYA MARWAN', 2, '2022-06-27'),
('K10426', 'ILHAM WISNU WARDHANA', 2, '2022-06-27'),
('K10427', 'AHMAD HALIM MAHFUDZ', 2, '2022-06-27'),
('K10428', 'RIZIQ ZUMADIL AHDAN ASSYURURI', 2, '2022-06-27'),
('K10429', 'ASEP SAEFUL MILLAH', 2, '2022-06-27'),
('K10430', 'AFRIZAL SURYA DARMAWAN', 2, '2022-06-27'),
('K10431', 'ZYDANE MAHFUD GIVARY', 2, '2022-06-27'),
('K10432', 'ANANDA ROY VALENTINO CAPIROSSI', 2, '2022-06-30'),
('K10433', 'RIFKI ALFARIS', 2, '2022-06-30'),
('K10434', 'DEDI SETIAWAN', 2, '2022-06-30'),
('K10435', 'YUKIK PRAMUDITA', 2, '2022-06-30'),
('K10436', 'ADITYA ILHAM LUBIS', 2, '2022-06-30'),
('K10438', 'ANGGORO KUSUMO GUMILANG', 2, '2022-06-30'),
('K10439', 'DIMAS FEBRIANTO', 2, '2022-06-30'),
('K10440', 'ARDIANSYAH BAYU HIDAYAT', 2, '2022-06-30'),
('K10441', 'CANANDA KURNIAWAN', 2, '2022-06-30'),
('K10442', 'IBNU HASAN SAHRI', 2, '2022-06-30'),
('K10443', 'DAFFA FAUZI FIRDAUS', 2, '2022-06-30'),
('K10444', 'FRAN SISCO CAHYATULLAH', 2, '2022-06-30'),
('K10445', 'M. MAFLAKHUL FIRDAUS', 2, '2022-06-30'),
('K10446', 'REZA MAIKEL PAMBAYUN S', 2, '2022-06-30'),
('K10447', 'HIZAM FATIH SUHADI', 2, '2022-06-30'),
('K10448', 'ABDUL AJIS NUGRAHA', 2, '2022-06-30'),
('K10449', 'ILHAM DWI SAPUTRO', 2, '2022-06-30'),
('K10450', 'ACHMAD SALIH', 2, '2022-06-30'),
('K10451', 'IBRAN SETIAWAN', 2, '2022-06-30'),
('K10452', 'AZKA CHOIRON NAZFI', 2, '2022-06-30'),
('K10459', 'IWAN BUDIANTO', 2, '2022-07-18'),
('K10460', 'VIKA YOGI RIANSAH', 2, '2022-07-18'),
('K10461', 'DIKY SELANTO', 2, '2022-07-18'),
('K10462', 'REZA RENALDI', 2, '2022-07-18'),
('K10464', 'ONKY O''BRYAN', 2, '2022-07-18'),
('K10466', 'RICO BUDI VALENTINO', 2, '2022-07-18'),
('K10469', 'MUHAMMAD RIFKI ALKAUTSAR', 2, '2022-07-18'),
('K10470', 'MOHAMMAD RANDI', 2, '2022-07-18'),
('K10471', 'ILYAS RAMDANI', 2, '2022-07-18'),
('K10472', 'ARDAYANA MAIZA PUTRA', 2, '2022-07-18'),
('K10476', 'MUHAMMAD HAFIDZ HANAFI', 2, '2022-07-26'),
('K10477', 'FAJAR TRI LAKSONO', 2, '2022-07-26'),
('K10479', 'RISKI SETIANA', 2, '2022-07-26'),
('K10480', 'WAKHID HIDAYAT', 2, '2022-07-26'),
('K10481', 'MUHAMAD REZA MAULANA', 2, '2022-07-26'),
('K10482', 'AHMAD ILHAN MANJIS', 2, '2022-07-26'),
('K10483', 'ENDARTO', 2, '2022-07-26'),
('K10484', 'RENDI SETIAWAN', 2, '2022-07-26'),
('K10485', 'KHANDIAS IXZAND SYAFITRI', 2, '2022-07-26'),
('K10487', 'DIMAS AJI PURNOMO', 2, '2022-07-26'),
('K10489', 'DIMAS RIFKY HIDAYAT', 2, '2022-07-26'),
('K10492', 'MAKBUL MUHASABAH', 2, '2022-07-26'),
('K10494', 'ALIF ROS ASTU WIJAYA', 2, '2022-08-01'),
('K10495', 'SANDI ATHORIQUL SAPUTRA', 2, '2022-08-01'),
('K10499', 'AFIFUDIN', 2, '2022-08-01'),
('K10502', 'MUHAMMAD REZA ARDIANSYAH', 2, '2022-08-01'),
('K10504', 'RIDWAN AZIZ SIREGAR', 2, '2022-08-01'),
('K10505', 'KAMALUDIN', 2, '2022-08-01'),
('K10506', 'JEKI ALPIYANSAH', 2, '2022-08-01'),
('K10509', 'DIAN SUBARKAH', 2, '2022-08-01'),
('K10510', 'JUAN SEPTI', 2, '2022-08-01'),
('K10511', 'NUROIF', 2, '2022-08-01'),
('K10513', 'DANANG DWI SUMARNO', 2, '2022-08-01'),
('K10514', 'SIGIT SETIAWAN', 2, '2022-08-01'),
('K10516', 'AMDAM USAMA', 2, '2022-08-01'),
('K10517', 'RAMDANI SAHER', 2, '2022-08-01'),
('K10518', 'AGUS NUR ROHMAN', 2, '2022-08-01'),
('K10519', 'FANRI PRATAMA', 2, '2022-08-01'),
('K10521', 'TRI AMRI LUKMAN UDIN', 2, '2022-08-01'),
('K10522', 'SOFYAN TRIROHMAN', 2, '2022-08-01'),
('K10523', 'WAHYU EFENDI', 2, '2022-08-01'),
('K10524', 'ALIF DA''IM MUNANDAR', 2, '2022-08-01'),
('K10525', 'MUHAMMAD RAIHAN PASARIBU', 2, '2022-08-01'),
('K10542', 'M. FUAD SOSIAWAN', 2, '2022-08-04'),
('K10543', 'NAYEBA MASSIES TARIGAN', 2, '2022-08-04'),
('K10544', 'ROFI''I', 2, '2022-08-04'),
('K10548', 'AMRIZAL GUNAWAN', 2, '2022-08-04'),
('K10549', 'ALFIAN INDIYANTO', 2, '2022-08-04'),
('K10551', 'MUHAMMAD RIFQI', 2, '2022-08-04'),
('K10552', 'MUHAMMAD RIDWAN PRAKOSO', 2, '2022-08-04'),
('K10555', 'ARDI HARYONO', 2, '2022-08-04'),
('K10556', 'MUHAMAD KEVIN PERMANA', 2, '2022-08-04'),
('K10560', 'RIZA AFGIANSYAH', 2, '2022-08-04'),
('K10561', 'RYAN ANUGRAH PRATAMA', 2, '2022-08-04'),
('K10563', 'DAVID NURROHMAN', 2, '2022-08-04'),
('K10564', 'RAMADITA PRIYADI', 2, '2022-08-04'),
('K10565', 'IMAN FAUZI', 2, '2022-08-04'),
('K10567', 'ABI MUZZAMIL', 2, '2022-08-04'),
('K10568', 'JANWARUDIN', 2, '2022-08-04'),
('K10569', 'KHAIRUDIN PANCA SEPTIAN', 2, '2022-08-04'),
('K10570', 'TIO ROKI LUSIANO', 2, '2022-08-04'),
('K10577', 'BAYU ISNANT SAPUTRA', 2, '2022-08-11'),
('K10578', 'ACHMAD ABDI WIDHIYANTO', 2, '2022-08-11'),
('K10579', 'TEGUH MAULANA AKBAR', 2, '2022-08-11'),
('K10581', 'EKA PRASTIO', 2, '2022-08-11'),
('K10583', 'ENDRA MAULANA BAHTIAR', 2, '2022-08-11'),
('K10584', 'ABDUL AZIZ UBAIDULLAH', 2, '2022-08-11'),
('K10585', 'RIZKY NURUL HUDA', 2, '2022-08-11'),
('K10587', 'BAGUS SETIAWAN', 2, '2022-08-11'),
('K10588', 'DIODA MEGA PRATAMA', 2, '2022-08-11'),
('K10589', 'LUTHFAN BA''DA WICAKSONO', 2, '2022-08-11'),
('K10590', 'MUHAMAD FADILLAH', 2, '2022-08-11'),
('K10591', 'MUHAMMAD FAIZ RABBANI', 2, '2022-08-11'),
('K10592', 'SAKHA RESTU ADIROSO', 2, '2022-08-11'),
('K10593', 'RIAN ARDIANSAH', 2, '2022-08-11'),
('K10596', 'FERRI NUR DIYANSYAH', 2, '2022-08-11'),
('K10597', 'ANWAR RAMADHAN DHIMANSYAH', 2, '2022-08-11'),
('K10598', 'AHMAD ZAENURI', 2, '2022-08-11'),
('K10599', 'ANDHIKA AJI SAPUTRO', 2, '2022-08-11'),
('K10600', 'DEAN NAUFAL SURYANSYAH', 2, '2022-08-11'),
('K10601', 'DIAN SETIAWAN', 2, '2022-08-11'),
('K10602', 'FAUZAN SENDI SAPUTRA', 2, '2022-08-11'),
('K10608', 'AHMAD NUR ARIFIN', 2, '2022-08-22'),
('K10609', 'RIKI PURNOMO', 2, '2022-08-22'),
('K10610', 'RAIHAN ADZUHRI', 2, '2022-08-22'),
('K10611', 'MUHAMAD RAMDANI', 2, '2022-08-22'),
('K10612', 'NUR HANIF DWI ANGGORO', 2, '2022-08-22'),
('K10613', 'BUDI PRASETIYO', 2, '2022-08-22'),
('K10615', 'MAULANA RIFKI ARDIANSAH', 2, '2022-08-22'),
('K10616', 'HAIKAL REYHAN GUSTAV', 2, '2022-08-22'),
('K10617', 'ILHAM ARDIANSYAH', 2, '2022-08-22'),
('K10618', 'MUSTOFA', 2, '2022-08-22'),
('K10619', 'FAUZI LINTANG DANU SATRIA', 2, '2022-08-22'),
('K10620', 'TRIONALDI EKI PRAJAYA', 2, '2022-08-22'),
('K10621', 'CHANDRA ABDUL ROZAQ SAHWIRAN', 2, '2022-08-22'),
('K10622', 'ABSHOR ROMADHONI', 2, '2022-08-22'),
('K10623', 'DWI WAHYONO', 2, '2022-08-22'),
('K10625', 'RIFKI NURKHOLID', 2, '2022-08-22'),
('K10626', 'MUHAMMAD FAHMI', 2, '2022-08-22'),
('K10627', 'DICKY AGUS PRIYONO', 2, '2022-08-22'),
('K10629', 'ZAENAL ABIDIN', 2, '2022-08-22'),
('K10630', 'DHUHA TEGAR PURWANTO', 2, '2022-08-22'),
('K10633', 'IKAS SAPUTRA', 2, '2022-08-22'),
('K10638', 'ANDREAS YUNIOR SITOMPUL', 2, '2022-08-22'),
('K10640', 'ERFIN NUR SAPUTRA', 2, '2022-08-22'),
('K10654', 'ACHMAD MIKO ORGANDA', 2, '2022-09-02'),
('K10655', 'DAFFA AZHARI RENALDI', 2, '2022-09-02'),
('K10658', 'FATULADAN DARSO PITOYO', 2, '2022-09-02'),
('K10659', 'FIKRI WAHNUR FARIZKI', 2, '2022-09-02'),
('K10660', 'FREDO FEBRIANZAH', 2, '2022-09-02'),
('K10662', 'HANDRI YANTO', 2, '2022-09-02'),
('K10663', 'RANGGA FERDIANSYAH', 2, '2022-09-02'),
('K10664', 'DULKALIM', 2, '2022-09-02'),
('K10665', 'GALIH SAKTI AJI', 2, '2022-09-02'),
('K10666', 'GEBRIEL RAMANDA', 2, '2022-09-02'),
('K10669', 'ADY TRIA SETIADI PUTRA', 2, '2022-09-02'),
('K10670', 'AFRIZAL FEBRIANTO', 2, '2022-09-02'),
('K10671', 'ALIFARIK WIN LABIBAH', 2, '2022-09-02'),
('K10674', 'ALVIN RIFALDI', 2, '2022-09-02'),
('K10675', 'AHMAD TRIANTO', 2, '2022-09-02'),
('K10676', 'ANAN MULYANA', 2, '2022-09-02'),
('K10677', 'ARDIANTO', 2, '2022-09-02'),
('K10678', 'ARIA EKA SAPUTRA', 2, '2022-09-02'),
('K10679', 'DIDIK SETIYAWAN', 2, '2022-09-02'),
('K10681', 'FIDAL EFSYAR', 2, '2022-09-02'),
('K10682', 'GALANG WIJAYA KUSUMA BUANA PUTRA', 2, '2022-09-02'),
('K10684', 'ACHDAN BAHY', 2, '2022-09-05'),
('K10685', 'AKBAR PUTRA TISTA', 2, '2022-09-05'),
('K10686', 'ANGGIT ROCHMANSYAH', 2, '2022-09-05'),
('K10687', 'DADANG PURNAWAN', 2, '2022-09-05'),
('K10688', 'FIKY ANDIS SAFFRUROH', 2, '2022-09-05'),
('K10689', 'DIDAN SURUL MULYADI', 2, '2022-09-05'),
('K10690', 'FERRI BAYU ANGGORO', 2, '2022-09-05'),
('K10691', 'ADE RIYANI PUTRA', 2, '2022-09-05'),
('K10693', 'ALYAZA IHZA ALFINTUS', 2, '2022-09-05'),
('K10694', 'AMIN TOHA', 2, '2022-09-05'),
('K10695', 'ANDIKA AJI SAPUTRA', 2, '2022-09-05'),
('K10696', 'ARIF MUNANDAR', 2, '2022-09-05'),
('K10697', 'FAIZ KHOIRUL ANWAR', 2, '2022-09-05'),
('K10699', 'ANDIKA RIANO PUTRA', 2, '2022-09-05'),
('K10700', 'CANDRA MAULANA', 2, '2022-09-05'),
('K10701', 'HADI EKA PERMANA', 2, '2022-09-05'),
('K10706', 'LATIFUL ZULIANTO', 2, '2022-09-06'),
('K10707', 'MOHAMAD SYAFI NURUL HUDA', 2, '2022-09-06'),
('K10709', 'HERMAWAN BUDI LESTANTO', 2, '2022-09-06'),
('K10711', 'ILYAS', 2, '2022-09-06'),
('K10712', 'LEO ARAFAT PALESTIN', 2, '2022-09-06'),
('K10713', 'M. NUR ISKANDAR', 2, '2022-09-06'),
('K10715', 'DAFFA ANDRIO ALZURA', 2, '2022-09-06'),
('K10716', 'MUKHAMAD ADIB SYARIF HIDAYAT', 2, '2022-09-06'),
('K10719', 'IRFAN EFENDI PUJIANTO', 2, '2022-09-06'),
('K10720', 'JUHANES EFFENDI', 2, '2022-09-06'),
('K10721', 'JULIO FAJRI DWI RAHMAWAN', 2, '2022-09-06'),
('K10722', 'JUMADI RAHMAN', 2, '2022-09-06'),
('K10723', 'KHOLAL REZA SUWANDI', 2, '2022-09-06'),
('K10724', 'MOCHAMAD FEBRIAN JABAL PRASETIA', 2, '2022-09-06'),
('K10725', 'MOCHAMAD RIFKI', 2, '2022-09-06'),
('K10728', 'MUHAMAD DAVA ALFARIZI', 2, '2022-09-06'),
('K10729', 'MUHAMAD SYARIF', 2, '2022-09-06'),
('K10730', 'MUHAMMAD HAFIDZ AMARULLAH', 2, '2022-09-06'),
('K10731', 'MUHAMMAD ILYAS NAZARUDIN', 2, '2022-09-06'),
('K10732', 'MUHAMMAD ISMUNANDAR', 2, '2022-09-06'),
('K10733', 'MUHAMMAD RIJAL FIKRI', 2, '2022-09-06'),
('K10735', 'NANDANG SEPTIAN', 2, '2022-09-06'),
('K10737', 'RIFQI SAPUTRA', 2, '2022-09-06'),
('K10739', 'NOFAN PRAYOGO', 2, '2022-09-06'),
('K10740', 'HERIYONO', 2, '2022-09-07'),
('K10741', 'ILZI IZZABI BIHAMDI', 2, '2022-09-07'),
('K10742', 'IMAM SUPIARDI', 2, '2022-09-07'),
('K10743', 'JANUAR DIAN NUGRAHA', 2, '2022-09-07'),
('K10744', 'JOKO INDRADI', 2, '2022-09-07'),
('K10745', 'KHOIRUL HIDAYAT', 2, '2022-09-07'),
('K10746', 'MANDA SETIYONO', 2, '2022-09-07'),
('K10747', 'MOHAMAD IBNU MUNGAFIF', 2, '2022-09-07'),
('K10748', 'MOHAMAD RISZKY', 2, '2022-09-07'),
('K10749', 'MUHAMAD RAHUL S', 2, '2022-09-07'),
('K10750', 'MUHAMMAD FIKRIY ALLAAM', 2, '2022-09-07'),
('K10752', 'MUHAMMAD RICKY DWI SEPTIAWAN', 2, '2022-09-07'),
('K10753', 'NUR SALIM', 2, '2022-09-07'),
('K10754', 'PUJI PRIYATNO', 2, '2022-09-07'),
('K10755', 'RAIHAN ARAAFI', 2, '2022-09-07'),
('K10756', 'RANGGA', 2, '2022-09-07'),
('K10757', 'SOFYAN AJI DWI SAPUTRA', 2, '2022-09-07'),
('K10758', 'ADE RIFKI FEBRIANTORO', 2, '2022-09-07'),
('K10759', 'RIZKY THORIK ABDULLOH', 2, '2022-09-07'),
('K10760', 'ROHIM HIDAYAT', 2, '2022-09-07'),
('K10762', 'SYA''BAN SYAPUTRA', 2, '2022-09-07'),
('K10763', 'YOGI ARY PRAMUGI', 2, '2022-09-07'),
('K10764', 'NUR KHOLIK', 2, '2022-09-07'),
('K10766', 'RIZKI ANDRIYONO PRATAMA', 2, '2022-09-07'),
('K10767', 'TITIS SETIYA AJI', 2, '2022-09-07'),
('K10768', 'YUDI FIRDAUS', 2, '2022-09-07'),
('K10773', 'MUHAMMAD SURYA SAPUTRA', 2, '2022-09-12'),
('K10781', 'PUTRA ADITYA', 2, '2022-09-12'),
('K10782', 'NUR KHOLIS SYARIFUDIN', 2, '2022-09-12'),
('K10783', 'RIKY WANTORO', 2, '2022-09-12'),
('K10784', 'MOHAMMAD SANDI SETIANTO', 2, '2022-09-12'),
('K10805', 'ARIEF EKO SETIAWAN', 2, '2022-09-22'),
('K10806', 'ANDIKA SAPUTRO', 2, '2022-09-22'),
('K10809', 'ARGA RACHMANTOZA', 2, '2022-09-22'),
('K10811', 'DANDI TRIYANA', 2, '2022-09-22'),
('K10813', 'BUDI HARTOMO', 2, '2022-09-22'),
('K10814', 'ALIF PRASETYO NUGROHO', 2, '2022-09-22'),
('K10819', 'MIFTAHUL FARID', 2, '2022-10-11'),
('K10820', 'RIO RAHMAN', 2, '2022-10-11'),
('K10821', 'TEGAR MAULANA SAPUTRA', 2, '2022-10-11'),
('K10822', 'MOCHAMMAD HAQQUL AKMAL', 2, '2022-10-11'),
('K10823', 'TSA MUHAMMAD', 2, '2022-10-11'),
('K10824', 'IRSAN MAOLANA', 2, '2022-10-11'),
('K10825', 'RAFLI FERNANDA', 2, '2022-10-11'),
('K10826', 'GILANG CAHYA RAMBANI', 2, '2022-10-11'),
('K10828', 'IQRIDA RODIOSA', 2, '2022-10-11'),
('K10829', 'HENDRI PERMANA', 2, '2022-10-11'),
('K10830', 'YUDHA PERMANA', 2, '2022-10-11'),
('K10839', 'ADI WARYONO', 2, '2022-10-24'),
('K10840', 'ADAM PURNOMO AJI', 2, '2022-10-24'),
('K10841', 'MUHAMMAD RIZQI SABILI', 2, '2022-10-24'),
('K10842', 'DHIKA HAGI ASSYARI ARIFQI', 2, '2022-10-24'),
('K10843', 'RIFQI ANUGRAH', 2, '2022-10-24'),
('K10844', 'MUHAMMAD RIFQI REZA', 2, '2022-10-24'),
('K10845', 'ABIMANYU HERDI ATMOKO', 2, '2022-11-07'),
('K10847', 'RAEHAN FIKRI WICAKSONO', 2, '2022-11-07'),
('K10848', 'DIMAS ANDI LAKSMANA', 2, '2022-11-07'),
('K10849', 'ALIF YUDHA PRAKUSA', 2, '2022-11-07'),
('K10850', 'FERRO FERDIANSYAH WIBOWO', 2, '2022-11-07'),
('K10851', 'MUHAMMAD NUR ARIFIN', 2, '2022-11-07'),
('K10852', 'DYAS PROGO NURZAMAN', 2, '2022-11-07'),
('K10853', 'MUHAMAD HENDRIAWAN', 2, '2022-11-07'),
('K10854', 'WAHIDAN ADITYA FIRMAN MAULANA', 2, '2022-11-07'),
('K10855', 'ALIP NURFAIZIN', 2, '2022-11-07'),
('K10856', 'RUDIYANTO', 2, '2022-11-07'),
('K10857', 'MUHAMAD RAGA', 2, '2022-11-07'),
('K10858', 'RISKI PRABOWO', 2, '2022-11-07'),
('K10859', 'ASEP MULYANA', 2, '2022-11-07');
INSERT INTO `karyawan` (`npk`, `name`, `role`, `date_joined`) VALUES
('K10860', 'FARID HERMAWAN', 2, '2022-11-07'),
('K10861', 'TAUFIQ AZMINUR PRAMUDYAWARDANI', 2, '2022-11-07'),
('K10862', 'FADDOLAH JUMADIL MALIK', 2, '2022-11-07'),
('K10863', 'ROCHMAT FITRIYADI', 2, '2022-11-07'),
('K10864', 'RIZAL ANDRIANTO', 2, '2022-11-07'),
('K10865', 'HERU WINARTO', 2, '2022-11-07'),
('K10866', 'AGUNG SATRIA NUGRAHA', 2, '2022-11-07'),
('K10870', 'KELVIN HANGGARA', 2, '2022-11-15'),
('K10871', 'YOGI RIFKY MUZAKI', 2, '2022-11-15'),
('K10872', 'AHMAD AL FAKHRIJI', 2, '2022-11-15'),
('K10873', 'ARIEF SYAIFUDIN', 2, '2022-11-15'),
('K10874', 'SINGGIH TRI PAMUNGKAS', 2, '2022-11-15'),
('K10875', 'ALI IMRON', 2, '2022-11-15'),
('K10876', 'RAIHAN MUZHAFFAR', 2, '2022-11-15'),
('K10877', 'MUHAMAD MUFTI AKBAR ISMAIL', 2, '2022-11-15'),
('K10878', 'ROKHMAN RIZKI FIRMANSYAH', 2, '2022-11-15'),
('K10879', 'IMAM RAMDAN', 2, '2022-11-15'),
('K10880', 'PANJI DWI PUTRA', 2, '2022-11-15'),
('K10881', 'ALDI WALDIANSAH', 2, '2022-11-15'),
('K10886', 'YOGI PERDANA PUTRA', 2, '2022-12-01'),
('K10887', 'PRASDITYA HENDRA YUNIANTO', 2, '2022-12-01'),
('K10888', 'HILAL MUHARROM', 2, '2022-12-01'),
('K10889', 'DIMAS ADITYA WAHYU PRASTYA', 2, '2022-12-01'),
('K10890', 'FIKRI IRAWAN', 2, '2022-12-01'),
('K10891', 'RAFA FAHMI RIFAI', 2, '2022-12-01'),
('K10892', 'DIMAS PRASETIO', 2, '2022-12-01'),
('K10893', 'MOHAMAD IQBAL MUTAZAKI', 2, '2022-12-01'),
('K10894', 'ARDI TOHID HIDAYAT', 2, '2022-12-01'),
('K10895', 'FAJAR SURYA BAHKTI', 2, '2022-12-01'),
('K10896', 'HAMDAN AMADAN', 2, '2022-12-01'),
('K10897', 'ILHAM HARITS SETIAJI', 2, '2022-12-01'),
('K10898', 'AHMAD GUFRON', 2, '2022-12-01'),
('K10899', 'LUTFI SYAIFUDIN', 2, '2022-12-01'),
('K10900', 'JUNENDAR SATRIYA WICAKSONO', 2, '2022-12-01'),
('K10901', 'MUHAMMAD ALI MASRUCHIN', 2, '2022-12-01'),
('K10902', 'MAULANA HAKIM', 2, '2022-12-01'),
('K10903', 'FEBRIANSYAH', 2, '2022-12-01'),
('K10904', 'BINTANG ANINDYA RAFIF', 2, '2022-12-01'),
('K10905', 'WINAR ADI SETYAWAN', 2, '2022-12-21'),
('K10906', 'WAHYU KURNIAWAN', 2, '2022-12-21'),
('K10907', 'RIFKI ABDALAH AL GANIM', 2, '2022-12-21'),
('K10908', 'RIZKY FIRMANTO', 2, '2022-12-21'),
('K10909', 'MUKTI ALI', 2, '2022-12-21'),
('K10910', 'AHMAD RUDIYANTO', 2, '2022-12-21'),
('K10911', 'AKHDAAN ERGIAN AFRIZI', 2, '2022-12-21'),
('K10912', 'DANANG SEPTIYAN PRAYOGI', 2, '2022-12-21'),
('K10913', 'TORI HIDAYAT', 2, '2022-12-21'),
('K10914', 'RIVYA HASTRIYANTA', 2, '2022-12-21'),
('K10915', 'MUHAMMAD TEGAR ARDIANSYAH', 2, '2022-12-21'),
('K10916', 'AZIZ YUSUF ARDIANSYAH', 2, '2022-12-21'),
('K10917', 'MOCH. RANGGI FIRDIANSYAH', 2, '2023-01-04'),
('K10918', 'RAIHAN OKTAVIAN DWI ROMADHON', 2, '2023-01-04'),
('K10919', 'MUHAMAD RANGGA YANUAR', 2, '2023-01-04'),
('K10920', 'NUGI NUGRAHA', 2, '2023-01-04'),
('K10921', 'SANI ABDUL JALI', 2, '2023-01-04'),
('K10922', 'FENDI KRISDIANTO', 2, '2023-01-04'),
('K10923', 'WAHYU EKO SAPUTRO', 2, '2023-01-04'),
('K10924', 'JINGGA PURNAMA', 2, '2023-01-04'),
('K10925', 'KEVIN ADI SAPUTRA', 2, '2023-01-04'),
('K10926', 'FIRMAN MAULANA', 2, '2023-01-04'),
('K10927', 'RIDWAN ILHAM SURYADI', 2, '2023-01-04'),
('K10928', 'AMRUL HAKIM', 2, '2023-01-04'),
('K10929', 'SHARIF SAPUDIN', 2, '2023-01-04'),
('K10930', 'REZA WAHYU ROMADHON', 2, '2023-01-04'),
('K10931', 'RAVLY PATTAHILAH RAMADHANI', 2, '2023-01-04'),
('K10932', 'JOHAN ADI SAPUTRA', 2, '2023-01-04'),
('K10933', 'ROKHMAN NUR FAUZI', 2, '2023-01-19'),
('K10934', 'HANNUN ZAKI PRATAMA', 2, '2023-01-19'),
('K10935', 'MUHHAMAD REHAN', 2, '2023-01-19'),
('K10936', 'MUHAMMAD FAUZAN RAMADHAN', 2, '2023-01-19'),
('K10937', 'APRIYANTO', 2, '2023-01-19'),
('K10938', 'SIDIQ AKBAR ADNANTYO', 2, '2023-01-19'),
('K10939', 'FAWWAZ ABEL ABSAH', 2, '2023-01-19'),
('K10941', 'HERI KUSTIANTO', 2, '2023-01-19'),
('K10942', 'ARDIAN FITO NURROHIM', 2, '2023-01-19'),
('K10943', 'VIQI NUR HIDAYAT', 2, '2023-01-19'),
('K10944', 'ADITYA RAMADHAN PUTRA', 2, '2023-01-19'),
('K10945', 'FRANGKI GUNAWAN', 2, '2023-01-19'),
('K10946', 'PALAHUL IKHSAN', 2, '2023-01-19'),
('K10947', 'FAIRUZ NUR FAUZIAN', 2, '2023-01-19'),
('K10948', 'BIMO AJI', 2, '2023-01-19'),
('K10949', 'FERI ARDANI', 2, '2023-01-19'),
('K10950', 'DEDE ALAL HUDA', 2, '2023-01-19'),
('K10951', 'JAPAR SIDIK', 2, '2023-01-19'),
('K10952', 'YOGI MUHAMAD FAUZI', 2, '2023-01-19'),
('K10953', 'FAHRI ILHAM PRATAMA', 2, '2023-01-19'),
('K10954', 'HAFIDZ NUR ROHMAN', 2, '2023-01-19'),
('K10955', 'MUHAMMAD FAHRA RAMZY', 2, '2023-01-19'),
('K10956', 'WIDAYAT TRI PRASTYO', 2, '2023-01-19'),
('K10957', 'IKEND BAGAS AKBAR WAHYUDI', 2, '2023-01-19'),
('K10958', 'SLAMET JAELANI', 2, '2023-01-19'),
('K10959', 'ADITIYA SUHERMAN', 2, '2023-01-19'),
('K10960', 'RISKY LAHI MUFSIDIN', 2, '2023-01-19'),
('K10961', 'FAWAZ SAHRUN RAMADHAN', 2, '2023-01-19'),
('K10962', 'RIDLO WILDAN ABDUSALAM', 2, '2023-01-19'),
('K10963', 'RAHMAT HIDAYATUL KARIM', 2, '2023-01-19'),
('K10964', 'MUHAMMAD SYAHPUDIN', 2, '2023-01-19'),
('K10965', 'BAGAS AULIA ACHMAD', 2, '2023-01-19'),
('K10966', 'IRFANIA RAHADI SAPUTRA', 2, '2023-01-19'),
('K10967', 'REGAR APRILYADI', 2, '2023-02-02'),
('K10968', 'MOHAMMAD ADITYA', 2, '2023-02-02'),
('K10969', 'FAJAR GITA PRADANA', 2, '2023-02-02'),
('K10970', 'ENRICO SYAHRIAL YANUAR', 2, '2023-02-02'),
('K10971', 'ARYA RAAM PURNAMA', 2, '2023-02-02'),
('K10974', 'KHOIRUL HAFIDZ HISYAM FADLOLI', 2, '2023-02-02'),
('K10975', 'ADITYA ARDIANSYAH', 2, '2023-02-02'),
('K10976', 'YOGA YOGASWARA', 2, '2023-02-02'),
('K10977', 'CATUR OKTAVIANTORO', 2, '2023-02-02'),
('K10978', 'IRVAN WAHYU PRATAMA', 2, '2023-02-02'),
('K10979', 'ARIF RIPALDI', 2, '2023-02-02'),
('K10980', 'MUHAMAD GILANG FAUZI', 2, '2023-02-02'),
('K10981', 'YUSAN DINATA', 2, '2023-02-02'),
('K10982', 'MUHAMAD RIZQI PRASETYO', 2, '2023-02-02'),
('K10983', 'YONATHAN SIMANJUNTAK', 2, '2023-02-02'),
('K10984', 'ADITIYA AGUSTIANA', 2, '2023-02-02'),
('K10985', 'IVAN ADITYA', 2, '2023-02-07'),
('K10986', 'ARFIAN DITYA PANGESTU', 2, '2023-02-07'),
('K10987', 'DIMAS ADI SAPUTRA', 2, '2023-02-07'),
('K10988', 'MUHAMMAD REZA ARFIAN', 2, '2023-02-07'),
('K10989', 'AKMAL MUBAROK', 2, '2023-02-07'),
('K10990', 'MOHAMAD EGI KURNIAWAN', 2, '2023-02-07'),
('K10991', 'FERY PUTRA PRATAMA', 2, '2023-02-07'),
('K10992', 'IZZA ZALFA AKHMADA', 2, '2023-02-07'),
('K10993', 'IMAM FAUZI SETYAWAN', 2, '2023-02-07'),
('K10994', 'MUHAMMAD FADILLAH', 2, '2023-02-07'),
('K10995', 'MUHAMMAD RAIHAN RAMADHAN', 2, '2023-02-07'),
('K10996', 'ANGGI EKA RAMADHAN', 2, '2023-02-07'),
('K10997', 'ARIF NUGRAHA', 2, '2023-02-07'),
('K10998', 'ADITYA PUTRA RAMADHAN', 2, '2023-02-07'),
('K10999', 'AHMAD APRIANTO', 2, '2023-02-07'),
('K11000', 'FADINNULLAH HADIARTO', 2, '2023-02-07'),
('K11001', 'ANDIKA AGUNG WIBOWO', 2, '2023-02-07'),
('K11002', 'ALDIYANSYAH', 2, '2023-02-07'),
('K11003', 'LUVI CRISTIAN', 2, '2023-02-07'),
('K11004', 'RAMAH IDAMAN', 2, '2023-02-07'),
('K11005', 'MAULANA YUSUF', 2, '2023-02-07'),
('K11006', 'M. AKMAL FEBRIYANSAH', 2, '2023-02-07'),
('K11007', 'AHLUN NURHUDA', 2, '2023-02-07'),
('K11008', 'MOHAMAD RIVAN', 2, '2023-02-07'),
('K11009', 'MUHAMMAD LABIB FADLY', 2, '2023-02-07'),
('K11010', 'NIRWAN AJITOMO', 2, '2023-02-07'),
('K11011', 'ANDRIYAN SAPUTRA', 2, '2023-02-07'),
('K11012', 'MOCHAMAD NANDHITO', 2, '2023-02-07'),
('K11013', 'RIFKI PRADANA', 2, '2023-02-07'),
('K11014', 'CHAIRUL IMAN', 2, '2023-02-07'),
('K11015', 'DZIKY QUTBYANTO', 2, '2023-02-07'),
('K11016', 'EKA BIMA ARFIANSYAH', 2, '2023-02-07'),
('K11017', 'RAFI FADIL ANWAR', 2, '2023-02-07'),
('K11018', 'ARYA PRASETYO', 2, '2023-02-07'),
('K11019', 'SABARUDDIN', 2, '2023-02-07'),
('K11020', 'MUHAMMAD FADLAN FADILAH', 2, '2023-02-07'),
('K11021', 'KHOLIK CAHYONO', 2, '2023-02-07'),
('K11022', 'M. HAIKAL NURAFRIZAL', 2, '2023-02-07'),
('K11023', 'FIKRI SATRIO JATI', 2, '2023-02-07'),
('K11030', 'ALFIN ANASYEH', 2, '2023-02-13'),
('K11031', 'ALLUF LUQMAN RAASYID', 2, '2023-02-13'),
('K11032', 'RIO SEPTIAN', 2, '2023-02-13'),
('K11033', 'FAJAR ROSIDIN', 2, '2023-02-13'),
('K11034', 'MUHAMMAD AMIRUL HAJJ', 2, '2023-02-13'),
('K11035', 'IFAN MAULANA', 2, '2023-02-13'),
('K11036', 'NABIL ROIHAN ALZAKI', 2, '2023-02-13'),
('K11037', 'MUHAMMAD ADAM JORDAN', 2, '2023-02-13'),
('K11038', 'DONI IRAWAN', 2, '2023-02-13'),
('K11039', 'BONDAN YUDHISTIRA DWI NUGROHO', 2, '2023-02-13'),
('K11041', 'AHMAD SURYA FAJAR', 2, '2023-02-13'),
('K11043', 'YOHANES YOSY SETYAWAN', 2, '2023-02-13'),
('K11044', 'IKBAL MISLAHUL UMAM', 2, '2023-02-13'),
('K11045', 'PARHAN ARIPUDIN', 2, '2023-02-13'),
('K11046', 'SANOPI SANJAYA', 2, '2023-02-13'),
('K11047', 'HENDRI KUSUMA', 2, '2023-02-13'),
('K11048', 'LUTFI ANAND', 2, '2023-02-13'),
('K11049', 'DEDI SUSANTO', 2, '2023-02-13'),
('K11050', 'FASRUL RAFA ALBISAR', 2, '2023-02-13'),
('K11051', 'ALDI RAHMAN', 2, '2023-02-13'),
('K11052', 'TIVA NURSIDIK', 2, '2023-02-13'),
('K11053', 'ADRIAN SAMBA PRASETYA', 2, '2023-02-13'),
('K11054', 'FAHMI ALI WARDA', 2, '2023-02-13'),
('K11055', 'SUTRI YONO', 2, '2023-02-13'),
('K11056', 'VIDAL KHADAFI', 2, '2023-02-13'),
('K11057', 'MUHAMAD AZHARRY RAHMAN', 2, '2023-02-13'),
('K11058', 'ASEP SETIAWAN', 2, '2023-02-13'),
('K11059', 'ASHAB FADLY YUSUF', 2, '2023-02-13'),
('K11060', 'DIVAS NUGRAHA', 2, '2023-02-13'),
('K11061', 'RAFIF ADONIS FIRMANSYAH', 2, '2023-02-13'),
('K11062', 'MUHAMAD SOPYAN', 2, '2023-02-13'),
('K11063', 'ARDHA RAHMATULLOH', 2, '2023-02-13'),
('K11064', 'OKTAVIANTO DENY KURNIAWAN', 2, '2023-02-13'),
('K11065', 'SALIM NASIR', 2, '2023-02-13'),
('K11066', 'MUHAMMAD APRIWALISA PUBARA', 2, '2023-02-13'),
('K11067', 'MUHAMMAD NUR FATHONI', 2, '2023-02-13'),
('K11074', 'SYAM HEIBY NUR CHOTIB', 2, '2023-02-21'),
('K11075', 'ABYYANSYAH ARYA ADE CANDRA', 2, '2023-02-21'),
('K11076', 'ANANDA VERI SAPUTRA', 2, '2023-02-21'),
('K11077', 'ALIF ARKHAN HERIANSYAH', 2, '2023-02-21'),
('K11078', 'SOLEH ARIFIN', 2, '2023-02-21'),
('K11079', 'YUDA SUMROHADI', 2, '2023-02-21'),
('K11080', 'RESTU BAKTI', 2, '2023-02-21'),
('K11081', 'FAISAL TRI HERMAWAN', 2, '2023-02-21'),
('K11082', 'GILANG RAMADHAN', 2, '2023-02-21'),
('K11083', 'FAHRIL RAMADHAN', 2, '2023-02-21'),
('K11084', 'NANDANG JATMIKO', 2, '2023-02-21'),
('K11085', 'CIKAL SYAFRIEL FITRIANDA', 2, '2023-02-21'),
('K11086', 'BERLIAN RACHA', 2, '2023-02-21'),
('K11087', 'SAHRUL HAEFANI', 2, '2023-02-21'),
('K11088', 'NAJA SUDRAJAT', 2, '2023-02-21'),
('K11089', 'MUHAMMAD KHOIRUL ANAM', 2, '2023-02-21'),
('K11090', 'SURYA SAPUTRA', 2, '2023-02-21'),
('K11091', 'GHIFARI KURNIAWAN SASTRADIPURA', 2, '2023-02-21'),
('K11092', 'RADIT AFRIDO', 2, '2023-02-21'),
('K11093', 'SYAHRUL SETYO AJI', 2, '2023-02-21'),
('K11094', 'TAUFIK HIDAYAT', 2, '2023-02-21'),
('K11095', 'HARIS RISTIAWAN', 2, '2023-02-21'),
('K11096', 'ANFAL YUSUF MUSTOFA', 2, '2023-02-21'),
('K11097', 'MUHAMMAD BAYU SYAHPUTRA', 2, '2023-02-21'),
('K11098', 'ANDHIKA PUTRA NUGRAHA', 2, '2023-02-21'),
('K11099', 'GUNTUR CAHYONO', 2, '2023-02-21'),
('K11100', 'DAFFA REVALDI SETIAWAN', 2, '2023-02-21'),
('K11101', 'SULTAN AL HADID', 2, '2023-02-21'),
('K11102', 'SURYADI', 2, '2023-02-21'),
('K11103', 'KELVIN FIRMANSYAH', 2, '2023-02-21'),
('K11107', 'TOMAS WIBOWO', 2, '2023-03-02'),
('K11108', 'DIMAS WAHYUDI', 2, '2023-03-02'),
('K11110', 'MUHAMAD ALVIN FAHREZA', 2, '2023-03-02'),
('K11111', 'MUHAMMAD TEGAR', 2, '2023-03-02'),
('K11112', 'FILLO SAMUEL CAESAR JUNIOR SIANI', 2, '2023-03-02'),
('K11113', 'SATRIA RIDHO FARUQI', 2, '2023-03-02'),
('K11114', 'ERLANGGA RIDWAN ANDRIANO', 2, '2023-03-02'),
('K11116', 'TAUFAN KHAIRUL BASAR', 2, '2023-03-02'),
('K11117', 'USMAN WAHYU PAMBUDI', 2, '2023-03-02'),
('K11118', 'NIKO DWI SUSANTO', 2, '2023-03-02'),
('K11119', 'RYZAL HAMZAH NUDIN', 2, '2023-03-02'),
('K11120', 'MUHAMMAD FARHAN', 2, '2023-03-02'),
('K11121', 'ABDUL HAKIM', 2, '2023-03-02'),
('K11122', 'FATKHUROHMAN', 2, '2023-03-02'),
('K11123', 'BINTANG ABIMANYU HERDHIANTO', 2, '2023-03-02'),
('K11124', 'AHMAD FAUZI', 2, '2023-03-02'),
('K11125', 'MAULAN ARIS MUNANDAR', 2, '2023-03-02'),
('K11126', 'HARTOTO SUSILO WIBOWO', 2, '2023-03-02'),
('K11127', 'KAIFAN DWI SUSANTO', 2, '2023-03-02'),
('K11128', 'RIZKY AL GIFARY', 2, '2023-03-02'),
('K11129', 'FAHRI RIZQI ADITIA', 2, '2023-03-02'),
('K11139', 'DENI ARDIANSYAH', 2, '2023-03-07'),
('K11140', 'MUHAMMAD AGUNG NUGRAHA', 2, '2023-03-07'),
('K11141', 'GIGIH YUDO SANTOSO', 2, '2023-03-07'),
('K11142', 'MUHAMMAD RIKI SYAFRIYADI', 2, '2023-03-07'),
('K11144', 'ALDI DAMARA', 2, '2023-03-07'),
('K11146', 'HERU PRASETYO', 2, '2023-03-07'),
('K11147', 'MUHAMAD RAHMAT NURHIDAYAT', 2, '2023-03-07'),
('K11148', 'MUHAMMAD FAUZI KAMAL', 2, '2023-03-07'),
('K11149', 'NANA ARIANTO', 2, '2023-03-07'),
('K11150', 'JUNAEDI', 2, '2023-03-07'),
('K11151', 'M. REFKI RAMADHON', 2, '2023-03-07'),
('K11152', 'DANDA PRADITA GUNAWAN', 2, '2023-03-07'),
('K11153', 'ALBA AGUSTIYANTO', 2, '2023-03-07'),
('K11154', 'ARI MUHYIDDIN', 2, '2023-03-07'),
('K11155', 'FAKHRI FADHILAH', 2, '2023-03-07'),
('K11156', 'IAN ANTONY', 2, '2023-03-07'),
('K11158', 'ABDUL ROHIM', 2, '2023-03-07'),
('K11159', 'HUMAIDI', 2, '2023-03-07'),
('K11160', 'AGUNG ADHI PUSPA RENGGA', 2, '2023-03-07'),
('K11161', 'ALDY RACHMAN', 2, '2023-03-07'),
('K11162', 'ALVIAN ANWARI', 2, '2023-03-07'),
('K11163', 'ANDRI SAJIWO', 2, '2023-03-07'),
('K11164', 'KEMAL SADAM', 2, '2023-03-07'),
('K11165', 'MUKLIS SETIAWAN', 2, '2023-03-07'),
('K11169', 'RICHY AFRIAN ACHMAD', 2, '2023-03-13'),
('K11170', 'WIDARSO', 2, '2023-03-13'),
('K11171', 'RIVALDO', 2, '2023-03-13'),
('K11172', 'MOCHAMAD KHAIRUL ANWAR', 2, '2023-03-13'),
('K11173', 'RIZKI SURYA PUTRA', 2, '2023-03-13'),
('K11174', 'NARENDRA ALFARIZI RAMADHAN', 2, '2023-03-13'),
('K11175', 'RIYAN RAMADHAN', 2, '2023-03-13'),
('K11176', 'ADE SUSANTO', 2, '2023-03-13'),
('K11177', 'DJAKIR S', 2, '2023-03-13'),
('K11178', 'FRADITO ANGGA KURNIA', 2, '2023-03-13'),
('K11179', 'HERLANGGA', 2, '2023-03-13'),
('K11180', 'HIDAYAT MAULANA', 2, '2023-03-13'),
('K11181', 'LUCKY RIZKY PRAMANO', 2, '2023-03-13'),
('K11182', 'MAHESHA ARIFKI HENDRYANSYAH', 2, '2023-03-13'),
('K11183', 'MOHAMAD FAUZAN BACHTIAR', 2, '2023-03-13'),
('K11184', 'MOH GUNTUR NAUFAL', 2, '2023-03-13'),
('K11185', 'MULYADI', 2, '2023-03-13'),
('K11186', 'NASANDIH WIJAYA', 2, '2023-03-13'),
('K11187', 'NURHADI', 2, '2023-03-13'),
('K11189', 'RAKHA EKA PRASETYA', 2, '2023-03-13'),
('K11190', 'RENO ADAM FERDIANSYAH', 2, '2023-03-13'),
('K11191', 'RADEN MUHAMMAD DANDI RAMADHAN', 1, '2023-03-13'),
('K11192', 'WAHYU ADAM BIMANTO', 2, '2023-03-13'),
('K11194', 'SUDIARTO', 2, '2023-03-13'),
('K11195', 'RIFKY AL FARID', 2, '2023-03-13'),
('K11196', 'YOGI SAPUTRA', 2, '2023-03-13'),
('K11198', 'BAGUS AJI NURROHMAN', 2, '2023-03-13'),
('K11199', 'FAHRI FAHRIZAL', 2, '2023-03-13'),
('K11200', 'PUTRA PAMUNGKAS', 2, '2023-03-13'),
('K11201', 'RONALD REEY', 2, '2023-03-13'),
('K11202', 'SABAR NURDANI', 2, '2023-03-13'),
('K11203', 'SUGIHARTO', 1, '2023-03-13'),
('K11204', 'SULTAN MAULANA', 2, '2023-03-13'),
('K11205', 'VIRGI NOVAL HAKIM', 2, '2023-03-13'),
('K11206', 'VIRGIAWAN EKA JUARNA', 2, '2023-03-13'),
('K11207', 'WAHYU SETYO NUGROHO', 2, '2023-03-13'),
('K11215', 'RISKY', 2, '2023-05-22'),
('K11216', 'DARUL KUTNI', 2, '2023-05-22'),
('K11217', 'MUAMAR FATONI', 2, '2023-05-22'),
('K11226', 'CHILWANUL AIN', 2, '2023-06-06'),
('K11227', 'ANDI IRMAWAN', 2, '2023-06-06'),
('K11228', 'AZMI SETYA NUGRAHA', 2, '2023-06-06'),
('K11229', 'PONCO SURYO AGUNG LAKSONO', 2, '2023-06-06'),
('K11230', 'MUHAMMAD RAFLY', 2, '2023-06-06'),
('K11231', 'RIZKY SIREGAR', 2, '2023-06-06'),
('K11235', 'OBIE AGAM ATMANANDA', 2, '2023-06-12'),
('K11236', 'FARRAS NAUFAL ASYAM', 2, '2023-06-12'),
('K11237', 'MOCH. ILHAM RAIHAN', 2, '2023-06-12'),
('K11238', 'SURYA ADI SAPUTRA', 2, '2023-06-12'),
('K11239', 'DEDE MARTIN', 2, '2023-06-12'),
('K11240', 'BAGAS FIRMANSYAH', 2, '2023-06-12'),
('K11241', 'AHMAD JUNAEDI', 2, '2023-06-12'),
('K11242', 'NOFRIZAL HERDIANTO', 2, '2023-06-12'),
('K11243', 'RIO PUTRA PRATAMA', 2, '2023-06-12'),
('K11244', 'TEGAR PRATAMA', 2, '2023-06-12'),
('K11245', 'AFRIAN ARI NUGROHO', 2, '2023-06-12'),
('K11246', 'BAGUS BUDI PANGESTU', 2, '2023-06-12'),
('K11247', 'CHRISTIAN VIRGIAN', 2, '2023-06-12'),
('K11248', 'FIRMANSYAH', 2, '2023-06-12'),
('K11249', 'MUHAMAD ADITIA MUHLICIN', 2, '2023-06-12'),
('K11250', 'REYGEL SEPTIAN PUTRA', 2, '2023-06-12'),
('K11251', 'RIZIQ ANANDA DWIARTO', 2, '2023-06-12'),
('K11252', 'RIUH NAUFAL FADHILAH', 2, '2023-06-12'),
('K11253', 'WAHYU ARI PRIADI', 2, '2023-06-12'),
('K11254', 'PIAN MERDIANSAH', 2, '2023-06-12'),
('K11255', 'DIMAS LEO NUGROHO', 2, '2023-06-12'),
('K11256', 'MUHAMMAD NAUFAL RAMADHANI', 2, '2023-06-12'),
('K11257', 'BIMA AMANDA DEPUTRA', 2, '2023-06-12'),
('K11258', 'AHMAD FAUZI SAPUTRA', 2, '2023-06-12'),
('K11259', 'MUHAMAD FAIZAL', 2, '2023-06-12'),
('K11260', 'ADE FUAD ADITYA', 2, '2023-06-12'),
('K11262', 'ADI ASMANSYAH', 2, '2023-06-12'),
('K11263', 'SANDY DESVICO RAHMADHAN', 2, '2023-06-12'),
('K11264', 'GALIH DHARMA PUTRA KURNIAWAN', 2, '2023-06-12'),
('K11267', 'MISTA PRAYOGA', 2, '0000-00-00'),
('K11268', 'ALBERT JONATHAN PURBA', 2, '0000-00-00'),
('K11269', 'MUHAMAD FATHUL HUDAH', 2, '0000-00-00'),
('K11270', 'AHMAD REZZA SYAHDAN', 2, '0000-00-00'),
('K11271', 'MUHAMMAD IQBAL', 2, '0000-00-00'),
('K11272', 'GIOVANY WESTMIT', 2, '0000-00-00'),
('K11273', 'MUHAMMAD VITO', 2, '0000-00-00'),
('K11274', 'LUKMAN NUR FAUZI', 2, '0000-00-00'),
('K11275', 'DHIMAS ARIA FAUZAN AZHAR', 2, '0000-00-00'),
('K11276', 'ZIDAN FADILAH GUNAWAN', 2, '0000-00-00'),
('K11277', 'AHMAD WAHYU PANGESTU', 2, '0000-00-00'),
('K11278', 'FEBRIANO RANGGA RAMAYUDHA', 2, '0000-00-00'),
('K11279', 'RHAFIDZAR MUHAMMAD SADAM', 2, '0000-00-00'),
('K11280', 'AULIO NUR IMAN', 2, '0000-00-00'),
('K11281', 'NOVAL RAMADHANI', 2, '0000-00-00'),
('K11282', 'KUNTA WAHONO CAHYO', 2, '0000-00-00'),
('K11283', 'ADI MUSTARI', 2, '0000-00-00'),
('K11284', 'ASLAM NURJAMAN', 2, '0000-00-00'),
('K11285', 'M. ZIEDAN NUR AL-FARISY DATU ADA', 2, '0000-00-00'),
('K11286', 'ARIELANDO DIAN BUANA', 2, '0000-00-00'),
('K11287', 'YANDI RISNANDA', 2, '0000-00-00'),
('K11288', 'CRISMANSYAH KUNCORO ADI', 2, '0000-00-00'),
('K11290', 'AGUS FAUZAN', 2, '0000-00-00'),
('K11291', 'MUHAMMAD YOGA ERLAMBANG', 2, '0000-00-00'),
('K11292', 'VIGA AL ESA BA AZHAR', 2, '0000-00-00'),
('K11293', 'SABARIYANTO', 2, '0000-00-00'),
('K11294', 'ADITYA RAHMAWAN', 2, '0000-00-00'),
('K11295', 'MUHAMMAD RIDWAN SOETOPO', 2, '0000-00-00'),
('K11296', 'MUHAMMAD ABDUL WAHAB', 2, '0000-00-00'),
('K11297', 'MOCHAMAD HASBI', 2, '0000-00-00'),
('K11298', 'JULIYAN CHALVIN ARDIANSYAH', 2, '0000-00-00'),
('K11299', 'KELIK RIO KURNIAWAN', 2, '0000-00-00'),
('K11300', 'M. HELMY NABIL MUMTAS', 2, '0000-00-00'),
('K11301', 'AHMAD NURROHIM', 2, '0000-00-00'),
('K11302', 'MUHAMAD AKHSAN SAFI''I', 2, '0000-00-00'),
('P1093', 'GALIH ALDIYATNO SYAHLAN', 0, '0000-00-00');

--
-- Triggers `karyawan`
--
DELIMITER $$
CREATE TRIGGER `karyawan_before_delete` BEFORE DELETE ON `karyawan`
 FOR EACH ROW BEGIN
	DELETE FROM relocate_history WHERE relocate_history.npk = OLD.npk;
END
$$
DELIMITER ;

-- --------------------------------------------------------

--
-- Table structure for table `karyawan_workstation`
--

CREATE TABLE IF NOT EXISTS `karyawan_workstation` (
  `npk` varchar(11) NOT NULL,
  `workstation_id` int(11) NOT NULL
) ENGINE=InnoDB DEFAULT CHARSET=latin1 COLLATE=latin1_swedish_ci;

--
-- Dumping data for table `karyawan_workstation`
--

INSERT INTO `karyawan_workstation` (`npk`, `workstation_id`) VALUES
('00578', 15),
('00578', 16),
('00578', 17),
('00578', 18),
('00578', 19),
('00578', 20),
('00581', 46),
('00621', 50),
('00637', 47),
('00652', 33),
('00652', 34),
('00676', 10),
('00681', 31),
('00688', 54),
('00693', 47),
('00704', 34),
('00708', 23),
('00714', 1),
('00717', 31),
('00719', 4),
('00730', 29),
('00735', 12),
('00736', 5),
('00747', 21),
('00748', 25),
('00769', 4),
('00784', 2),
('00784', 3),
('00786', 1),
('00787', 2),
('00807', 29),
('00809', 25),
('00810', 42),
('00810', 43),
('00810', 44),
('00810', 45),
('00810', 46),
('00810', 47),
('00810', 48),
('00810', 49),
('00820', 35),
('00825', 24),
('00825', 25),
('00825', 26),
('00825', 27),
('00825', 28),
('00825', 29),
('00825', 30),
('00825', 31),
('00845', 3),
('00850', 47),
('00857', 29),
('00861', 50),
('00862', 29),
('00873', 4),
('00884', 28),
('00899', 2),
('00904', 33),
('00905', 50),
('00908', 24),
('00914', 1),
('00917', 21),
('00919', 21),
('00926', 4),
('00927', 7),
('00941', 20),
('00942', 50),
('00944', 4),
('00945', 3),
('00949', 19),
('00951', 29),
('00952', 50),
('00957', 34),
('00958', 1),
('00963', 40),
('00964', 21),
('00965', 47),
('00973', 4),
('00974', 4),
('00980', 4),
('00981', 47),
('00982', 18),
('00989', 47),
('00990', 40),
('00992', 4),
('00993', 28),
('00995', 31),
('00997', 21),
('00998', 5),
('00999', 50),
('01005', 31),
('01008', 54),
('01009', 4),
('01010', 20),
('01018', 2),
('01019', 15),
('01020', 33),
('01021', 2),
('01023', 1),
('01035', 1),
('01040', 22),
('01043', 31),
('01044', 35),
('01045', 25),
('01054', 33),
('01056', 29),
('01057', 2),
('01064', 5),
('01065', 4),
('01087', 1),
('01088', 1),
('01091', 21),
('01094', 24),
('01096', 46),
('01097', 40),
('01099', 21),
('01101', 2),
('01110', 40),
('01111', 18),
('01112', 16),
('01113', 45),
('01114', 21),
('01115', 45),
('01119', 32),
('01122', 46),
('01125', 32),
('01126', 29),
('01136', 50),
('01138', 3),
('01139', 12),
('01140', 43),
('01141', 54),
('01144', 35),
('01146', 47),
('01158', 31),
('01160', 46),
('01162', 31),
('01163', 31),
('01169', 12),
('01171', 4),
('01172', 20),
('01174', 21),
('01175', 2),
('01178', 2),
('01179', 40),
('01180', 1),
('01181', 7),
('01187', 32),
('01190', 36),
('01191', 46),
('01198', 29),
('01201', 49),
('01205', 51),
('01208', 21),
('01209', 46),
('01210', 21),
('01211', 2),
('01214', 1),
('01215', 16),
('01224', 21),
('01225', 11),
('01226', 1),
('01238', 49),
('01239', 17),
('01241', 54),
('01248', 22),
('01349', 29),
('01350', 47),
('01353', 47),
('01354', 4),
('01355', 4),
('01356', 22),
('01357', 34),
('01358', 24),
('01359', 18),
('01360', 1),
('01361', 2),
('01362', 51),
('01363', 16),
('01364', 47),
('01365', 50),
('01366', 35),
('01367', 37),
('01368', 35),
('01369', 28),
('01371', 34),
('01372', 43),
('01373', 50),
('01375', 24),
('01376', 50),
('01383', 50),
('01384', 20),
('01386', 40),
('01387', 53),
('01388', 51),
('01394', 40),
('01395', 53),
('01396', 43),
('01397', 21),
('01398', 21),
('01403', 19),
('01404', 17),
('01405', 16),
('01406', 42),
('01407', 46),
('01409', 31),
('01410', 31),
('01412', 17),
('01413', 16),
('01415', 12),
('01418', 19),
('01419', 1),
('01420', 3),
('01421', 46),
('01422', 4),
('01424', 29),
('01426', 35),
('01427', 50),
('01428', 28),
('01429', 2),
('01430', 22),
('01432', 42),
('01433', 47),
('01434', 40),
('01435', 54),
('01436', 40),
('01437', 15),
('01439', 22),
('01441', 47),
('01448', 31),
('01449', 33),
('01450', 1),
('01451', 3),
('01452', 33),
('01456', 10),
('01457', 16),
('01458', 54),
('01459', 9),
('01460', 25),
('01461', 33),
('01462', 28),
('01463', 52),
('01468', 21),
('01469', 16),
('01471', 16),
('01475', 21),
('01478', 33),
('01480', 18),
('01481', 4),
('01483', 54),
('01485', 6),
('01486', 51),
('01487', 46),
('01488', 25),
('01489', 28),
('01493', 32),
('01497', 1),
('01498', 19),
('01499', 6),
('01500', 5),
('01501', 32),
('01502', 7),
('01503', 2),
('01505', 11),
('01508', 21),
('01511', 10),
('01513', 1),
('01514', 50),
('01516', 54),
('01518', 20),
('01567', 1),
('01568', 28),
('01570', 1),
('01572', 50),
('01573', 51),
('01574', 2),
('01575', 4),
('01578', 43),
('01579', 54),
('01581', 21),
('01582', 2),
('01583', 36),
('01589', 33),
('01597', 4),
('01603', 16),
('01604', 33),
('01608', 33),
('01609', 33),
('01610', 11),
('01611', 49),
('01613', 33),
('01614', 17),
('01617', 10),
('01618', 46),
('01619', 19),
('01620', 16),
('01624', 11),
('01625', 16),
('01626', 46),
('01627', 45),
('01628', 47),
('01635', 1),
('01641', 34),
('01642', 37),
('01643', 27),
('01645', 42),
('01646', 42),
('01647', 25),
('01648', 25),
('01652', 47),
('01654', 25),
('01658', 2),
('01659', 16),
('01660', 16),
('01661', 1),
('01662', 15),
('01663', 25),
('01666', 17),
('01667', 21),
('01668', 4),
('01669', 33),
('01670', 21),
('01671', 21),
('01672', 26),
('01673', 22),
('01674', 16),
('01675', 2),
('01676', 1),
('01677', 21),
('01679', 30),
('01680', 30),
('01685', 1),
('01688', 23),
('01689', 1),
('01690', 1),
('01691', 21),
('01692', 28),
('01693', 42),
('01694', 51),
('01697', 46),
('01699', 31),
('01700', 4),
('01701', 1),
('01702', 1),
('01704', 42),
('01707', 17),
('01708', 35),
('01709', 1),
('01710', 2),
('01711', 16),
('01718', 15),
('01719', 1),
('01720', 1),
('01721', 9),
('01724', 29),
('01727', 18),
('01728', 46),
('01729', 19),
('01736', 33),
('01737', 29),
('01740', 4),
('01741', 1),
('01742', 3),
('01743', 16),
('01744', 21),
('01745', 12),
('01746', 40),
('01747', 51),
('01748', 46),
('01749', 37),
('01753', 5),
('01754', 38),
('01758', 1),
('01759', 1),
('01760', 1),
('01763', 22),
('01764', 1),
('01765', 1),
('01766', 4),
('01767', 2),
('01779', 40),
('01780', 2),
('01788', 3),
('01789', 20),
('01790', 10),
('01791', 19),
('01792', 47),
('01793', 27),
('01797', 34),
('01798', 6),
('01801', 35),
('01802', 35),
('01803', 54),
('01804', 1),
('01805', 7),
('01806', 1),
('01807', 25),
('01811', 27),
('01812', 21),
('01813', 31),
('01814', 28),
('01815', 16),
('01816', 35),
('01817', 39),
('01821', 1),
('01822', 20),
('01823', 1),
('01824', 19),
('01825', 16),
('01832', 11),
('01833', 10),
('01834', 51),
('01835', 4),
('01836', 19),
('01838', 1),
('01839', 33),
('01843', 23),
('01847', 1),
('01854', 49),
('01856', 33),
('01861', 4),
('01862', 34),
('01873', 1),
('01883', 11),
('01884', 19),
('01889', 17),
('01891', 1),
('01892', 1),
('01904', 2),
('01910', 1),
('01912', 46),
('01913', 25),
('01915', 30),
('01920', 20),
('01921', 15),
('01923', 9),
('01924', 22),
('01925', 51),
('01926', 4),
('01927', 44),
('01928', 36),
('01929', 52),
('01931', 14),
('01933', 2),
('01939', 43),
('01943', 40),
('01945', 1),
('01946', 13),
('01947', 4),
('01948', 2),
('01953', 49),
('01954', 23),
('01956', 49),
('01962', 1),
('01963', 1),
('01964', 3),
('01965', 2),
('01966', 2),
('01970', 10),
('01974', 46),
('01975', 1),
('01977', 17),
('01978', 46),
('01981', 16),
('01986', 15),
('01988', 17),
('01989', 17),
('01993', 20),
('01994', 19),
('01996', 22),
('01997', 1),
('01999', 1),
('02000', 15),
('02002', 49),
('02004', 11),
('02007', 1),
('02008', 1),
('02009', 29),
('02010', 25),
('02020', 1),
('02021', 4),
('02023', 1),
('02027', 4),
('02032', 4),
('02039', 11),
('02040', 19),
('02041', 4),
('02042', 1),
('02044', 3),
('02046', 40),
('02055', 1),
('02059', 1),
('02060', 3),
('02061', 3),
('02062', 10),
('02063', 1),
('02066', 14),
('02071', 1),
('02072', 40),
('02073', 3),
('02074', 1),
('02081', 1),
('02083', 6),
('02084', 13),
('02085', 3),
('02088', 29),
('02090', 15),
('02090', 16),
('02090', 17),
('02090', 18),
('02090', 19),
('02090', 20),
('02091', 13),
('02092', 2),
('02093', 1),
('02095', 1),
('02096', 4),
('02097', 1),
('02102', 13),
('02103', 50),
('02103', 51),
('02103', 52),
('02103', 53),
('02103', 54),
('02105', 27),
('02108', 27),
('02109', 25),
('02110', 49),
('02111', 49),
('02112', 16),
('02118', 33),
('02119', 16),
('02120', 5),
('02123', 1),
('02124', 1),
('02126', 52),
('02127', 36),
('02128', 27),
('02129', 2),
('02130', 29),
('02131', 4),
('02133', 11),
('02134', 10),
('02135', 4),
('02137', 32),
('02138', 33),
('02139', 32),
('02140', 13),
('02140', 14),
('02145', 1),
('02146', 2),
('02147', 20),
('02152', 28),
('02154', 1),
('02155', 9),
('02157', 21),
('02158', 21),
('02159', 31),
('02160', 47),
('02161', 26),
('02162', 27),
('02164', 2),
('02165', 9),
('02166', 11),
('02167', 9),
('02169', 32),
('02170', 19),
('02174', 4),
('02176', 13),
('02177', 35),
('02178', 3),
('02179', 3),
('02185', 37),
('02187', 54),
('02190', 1),
('02191', 43),
('02193', 1),
('02194', 1),
('02195', 33),
('02196', 2),
('02197', 33),
('02198', 3),
('02199', 19),
('02201', 37),
('02207', 1),
('02208', 1),
('02209', 43),
('02210', 42),
('02211', 11),
('02214', 16),
('02215', 26),
('02217', 28),
('02219', 1),
('02220', 1),
('02225', 1),
('02226', 32),
('02227', 11),
('02228', 17),
('02230', 1),
('02231', 38),
('02232', 1),
('02234', 40),
('02236', 50),
('02238', 48),
('02239', 13),
('02240', 4),
('02243', 21),
('02244', 14),
('02245', 7),
('02246', 7),
('02247', 10),
('02248', 44),
('02249', 15),
('02251', 35),
('02251', 36),
('02251', 37),
('02251', 38),
('02251', 39),
('02251', 40),
('02252', 33),
('02253', 32),
('02254', 47),
('02255', 30),
('02256', 32),
('02259', 20),
('02260', 19),
('02261', 39),
('02262', 54),
('02263', 46),
('02264', 22),
('02265', 17),
('02268', 1),
('02269', 32),
('02272', 22),
('02273', 52),
('02274', 27),
('02275', 37),
('02280', 3),
('02281', 25),
('02282', 50),
('02284', 47),
('02289', 32),
('02290', 12),
('02291', 1),
('02297', 3),
('02298', 3),
('02301', 24),
('02304', 35),
('02304', 36),
('02304', 37),
('02304', 38),
('02304', 39),
('02304', 40),
('02308', 49),
('02309', 3),
('02314', 1),
('02315', 2),
('02319', 46),
('02320', 10),
('02329', 35),
('02329', 36),
('02329', 37),
('02329', 38),
('02329', 39),
('02329', 40),
('02330', 3),
('02334', 5),
('02335', 4),
('02336', 3),
('02337', 50),
('02342', 1),
('02343', 33),
('02344', 50),
('02350', 4),
('02351', 23),
('02352', 3),
('02353', 11),
('02354', 32),
('02357', 19),
('02358', 33),
('02359', 27),
('02366', 5),
('02367', 5),
('02368', 4),
('02370', 3),
('02371', 1),
('02374', 1),
('02375', 17),
('02377', 46),
('02380', 11),
('02387', 16),
('02390', 16),
('02394', 1),
('02395', 2),
('02397', 4),
('02406', 30),
('02408', 2),
('02412', 1),
('02413', 33),
('02413', 34),
('02416', 49),
('02421', 12),
('02423', 13),
('02424', 43),
('02425', 33),
('02426', 1),
('02427', 4),
('02432', 1),
('02434', 1),
('02437', 16),
('02441', 54),
('02442', 21),
('02443', 40),
('02445', 2),
('02446', 15),
('02448', 52),
('02452', 15),
('02454', 1),
('02458', 50),
('02460', 3),
('02461', 17),
('02462', 1),
('02463', 37),
('02477', 30),
('02479', 17),
('02480', 1),
('02481', 1),
('02482', 42),
('02482', 43),
('02482', 44),
('02482', 45),
('02482', 46),
('02482', 47),
('02482', 48),
('02482', 49),
('02483', 2),
('02487', 1),
('02491', 21),
('02491', 22),
('02491', 23),
('02492', 27),
('02499', 40),
('02501', 1),
('02502', 48),
('02508', 2),
('02508', 3),
('02509', 33),
('02510', 5),
('02510', 6),
('02510', 7),
('02510', 9),
('02510', 10),
('02510', 11),
('02510', 12),
('02511', 1),
('02513', 1),
('02526', 36),
('02529', 11),
('02530', 9),
('02531', 52),
('02532', 43),
('02538', 38),
('02539', 36),
('02540', 1),
('02550', 1),
('02551', 2),
('02551', 3),
('02556', 38),
('02558', 50),
('02558', 51),
('02558', 52),
('02558', 53),
('02558', 54),
('02559', 21),
('02559', 22),
('02559', 23),
('02572', 1),
('02574', 42),
('02574', 43),
('02574', 44),
('02574', 45),
('02574', 46),
('02574', 47),
('02574', 48),
('02574', 49),
('02576', 33),
('02576', 34),
('02577', 50),
('02577', 51),
('02577', 52),
('02577', 53),
('02577', 54),
('02578', 19),
('02579', 52),
('02582', 24),
('02582', 25),
('02582', 26),
('02582', 27),
('02582', 28),
('02582', 29),
('02582', 30),
('02582', 31),
('02584', 21),
('02586', 1),
('02593', 5),
('02593', 6),
('02593', 7),
('02593', 9),
('02593', 10),
('02593', 11),
('02593', 12),
('02615', 5),
('02615', 6),
('02615', 7),
('02615', 9),
('02615', 10),
('02615', 11),
('02615', 12),
('02618', 15),
('02618', 16),
('02618', 17),
('02618', 18),
('02618', 19),
('02618', 20),
('02631', 1),
('02639', 13),
('02639', 14),
('02642', 24),
('02642', 25),
('02642', 26),
('02642', 27),
('02642', 28),
('02642', 29),
('02642', 30),
('02642', 31),
('K10296', 47),
('K10298', 47),
('K10300', 14),
('K10302', 5),
('K10303', 4),
('K10306', 6),
('K10309', 6),
('K10310', 5),
('K10311', 7),
('K10312', 4),
('K10317', 7),
('K10318', 5),
('K10320', 32),
('K10321', 33),
('K10322', 32),
('K10323', 49),
('K10325', 31),
('K10326', 33),
('K10327', 1),
('K10329', 1),
('K10330', 4),
('K10332', 2),
('K10333', 6),
('K10334', 1),
('K10335', 2),
('K10336', 2),
('K10338', 2),
('K10339', 13),
('K10341', 11),
('K10342', 4),
('K10343', 4),
('K10344', 13),
('K10345', 4),
('K10347', 16),
('K10349', 43),
('K10350', 49),
('K10351', 1),
('K10353', 1),
('K10355', 16),
('K10356', 16),
('K10357', 16),
('K10358', 18),
('K10359', 16),
('K10360', 18),
('K10361', 19),
('K10362', 17),
('K10364', 40),
('K10365', 43),
('K10366', 50),
('K10367', 51),
('K10369', 54),
('K10370', 40),
('K10371', 35),
('K10372', 51),
('K10373', 50),
('K10374', 50),
('K10376', 52),
('K10377', 52),
('K10378', 36),
('K10382', 33),
('K10383', 38),
('K10388', 1),
('K10389', 1),
('K10390', 1),
('K10391', 1),
('K10392', 1),
('K10393', 2),
('K10394', 2),
('K10395', 1),
('K10396', 2),
('K10397', 1),
('K10399', 1),
('K10402', 2),
('K10403', 1),
('K10404', 1),
('K10405', 1),
('K10407', 2),
('K10409', 4),
('K10410', 43),
('K10411', 35),
('K10412', 45),
('K10415', 48),
('K10416', 48),
('K10417', 2),
('K10418', 1),
('K10419', 2),
('K10420', 2),
('K10421', 1),
('K10423', 4),
('K10424', 4),
('K10425', 4),
('K10426', 40),
('K10427', 53),
('K10428', 54),
('K10429', 50),
('K10430', 17),
('K10431', 53),
('K10432', 18),
('K10433', 15),
('K10434', 16),
('K10435', 19),
('K10436', 9),
('K10438', 9),
('K10439', 9),
('K10440', 7),
('K10441', 19),
('K10442', 15),
('K10443', 20),
('K10444', 9),
('K10445', 15),
('K10446', 5),
('K10447', 20),
('K10448', 6),
('K10449', 19),
('K10450', 5),
('K10451', 17),
('K10452', 6),
('K10459', 13),
('K10460', 13),
('K10461', 40),
('K10462', 37),
('K10464', 1),
('K10466', 36),
('K10469', 1),
('K10470', 54),
('K10471', 1),
('K10472', 54),
('K10476', 9),
('K10477', 50),
('K10479', 50),
('K10480', 43),
('K10481', 46),
('K10482', 4),
('K10483', 1),
('K10484', 40),
('K10485', 36),
('K10487', 54),
('K10489', 50),
('K10492', 43),
('K10494', 2),
('K10495', 2),
('K10499', 5),
('K10502', 6),
('K10504', 5),
('K10505', 6),
('K10506', 26),
('K10509', 51),
('K10510', 53),
('K10511', 40),
('K10513', 50),
('K10514', 40),
('K10516', 50),
('K10517', 36),
('K10518', 40),
('K10519', 47),
('K10521', 54),
('K10522', 50),
('K10523', 54),
('K10524', 50),
('K10525', 36),
('K10542', 1),
('K10543', 1),
('K10544', 2),
('K10548', 1),
('K10549', 1),
('K10551', 5),
('K10552', 18),
('K10555', 20),
('K10556', 15),
('K10560', 33),
('K10561', 33),
('K10563', 25),
('K10564', 32),
('K10565', 25),
('K10567', 28),
('K10568', 27),
('K10569', 25),
('K10570', 33),
('K10577', 2),
('K10578', 2),
('K10579', 1),
('K10581', 5),
('K10583', 7),
('K10584', 6),
('K10585', 7),
('K10587', 7),
('K10588', 4),
('K10589', 9),
('K10590', 9),
('K10591', 13),
('K10592', 7),
('K10593', 7),
('K10596', 19),
('K10597', 15),
('K10598', 40),
('K10599', 40),
('K10600', 54),
('K10601', 54),
('K10602', 38),
('K10608', 2),
('K10609', 1),
('K10610', 2),
('K10611', 1),
('K10612', 1),
('K10613', 1),
('K10615', 2),
('K10616', 2),
('K10617', 2),
('K10618', 2),
('K10619', 1),
('K10620', 2),
('K10621', 2),
('K10622', 2),
('K10623', 1),
('K10625', 1),
('K10626', 2),
('K10627', 1),
('K10629', 1),
('K10630', 7),
('K10633', 5),
('K10638', 39),
('K10640', 40),
('K10654', 6),
('K10655', 7),
('K10658', 5),
('K10659', 7),
('K10660', 7),
('K10662', 9),
('K10663', 9),
('K10664', 19),
('K10665', 9),
('K10666', 14),
('K10669', 35),
('K10670', 15),
('K10671', 46),
('K10674', 40),
('K10675', 46),
('K10676', 54),
('K10677', 22),
('K10678', 37),
('K10679', 47),
('K10681', 46),
('K10682', 53),
('K10684', 4),
('K10685', 4),
('K10686', 4),
('K10687', 4),
('K10688', 4),
('K10689', 21),
('K10690', 21),
('K10691', 27),
('K10693', 29),
('K10694', 34),
('K10695', 34),
('K10696', 29),
('K10697', 28),
('K10699', 15),
('K10700', 38),
('K10701', 16),
('K10706', 6),
('K10707', 11),
('K10709', 16),
('K10711', 21),
('K10712', 9),
('K10713', 9),
('K10715', 21),
('K10716', 7),
('K10719', 49),
('K10720', 37),
('K10721', 51),
('K10722', 50),
('K10723', 50),
('K10724', 46),
('K10725', 50),
('K10728', 46),
('K10729', 50),
('K10730', 47),
('K10731', 37),
('K10732', 37),
('K10733', 46),
('K10735', 35),
('K10737', 46),
('K10739', 47),
('K10740', 1),
('K10741', 2),
('K10742', 1),
('K10743', 2),
('K10744', 2),
('K10745', 2),
('K10746', 1),
('K10747', 2),
('K10748', 2),
('K10749', 1),
('K10750', 2),
('K10752', 2),
('K10753', 2),
('K10754', 2),
('K10755', 2),
('K10756', 2),
('K10757', 2),
('K10758', 2),
('K10759', 10),
('K10760', 6),
('K10762', 9),
('K10763', 7),
('K10764', 36),
('K10766', 37),
('K10767', 40),
('K10768', 35),
('K10773', 6),
('K10781', 9),
('K10782', 19),
('K10783', 46),
('K10784', 43),
('K10805', 4),
('K10806', 9),
('K10809', 54),
('K10811', 47),
('K10813', 47),
('K10814', 54),
('K10819', 1),
('K10820', 2),
('K10821', 1),
('K10822', 1),
('K10823', 1),
('K10824', 1),
('K10825', 1),
('K10826', 2),
('K10828', 1),
('K10829', 2),
('K10830', 4),
('K10839', 40),
('K10840', 37),
('K10841', 52),
('K10842', 36),
('K10843', 53),
('K10844', 53),
('K10845', 5),
('K10847', 47),
('K10848', 35),
('K10849', 40),
('K10850', 54),
('K10851', 42),
('K10852', 50),
('K10853', 16),
('K10854', 16),
('K10855', 49),
('K10856', 50),
('K10857', 35),
('K10858', 50),
('K10859', 47),
('K10860', 35),
('K10861', 42),
('K10862', 54),
('K10863', 50),
('K10864', 54),
('K10865', 43),
('K10866', 43),
('K10870', 5),
('K10871', 50),
('K10872', 37),
('K10873', 50),
('K10874', 50),
('K10875', 37),
('K10876', 54),
('K10877', 54),
('K10878', 43),
('K10879', 50),
('K10880', 51),
('K10881', 40),
('K10886', 7),
('K10887', 4),
('K10888', 13),
('K10889', 6),
('K10890', 5),
('K10891', 13),
('K10892', 6),
('K10893', 1),
('K10894', 1),
('K10895', 46),
('K10896', 51),
('K10897', 51),
('K10898', 46),
('K10899', 53),
('K10900', 50),
('K10901', 43),
('K10902', 1),
('K10903', 1),
('K10904', 50),
('K10905', 40),
('K10906', 35),
('K10907', 38),
('K10908', 51),
('K10909', 53),
('K10910', 38),
('K10911', 40),
('K10912', 40),
('K10913', 51),
('K10914', 40),
('K10915', 36),
('K10916', 40),
('K10917', 1),
('K10918', 1),
('K10919', 5),
('K10920', 6),
('K10921', 6),
('K10922', 19),
('K10923', 30),
('K10924', 15),
('K10925', 19),
('K10926', 50),
('K10927', 35),
('K10928', 52),
('K10929', 1),
('K10930', 50),
('K10931', 50),
('K10932', 50),
('K10933', 1),
('K10934', 1),
('K10935', 1),
('K10936', 7),
('K10937', 11),
('K10938', 6),
('K10939', 5),
('K10941', 40),
('K10942', 47),
('K10943', 50),
('K10944', 47),
('K10945', 47),
('K10946', 46),
('K10947', 52),
('K10948', 52),
('K10949', 37),
('K10950', 18),
('K10951', 54),
('K10952', 39),
('K10953', 53),
('K10954', 50),
('K10955', 40),
('K10956', 42),
('K10957', 35),
('K10958', 44),
('K10959', 40),
('K10960', 38),
('K10961', 37),
('K10962', 51),
('K10963', 19),
('K10964', 52),
('K10965', 19),
('K10966', 35),
('K10967', 1),
('K10968', 1),
('K10969', 1),
('K10970', 6),
('K10971', 5),
('K10974', 7),
('K10975', 5),
('K10976', 27),
('K10977', 27),
('K10978', 28),
('K10979', 28),
('K10980', 27),
('K10981', 36),
('K10982', 52),
('K10983', 16),
('K10984', 47),
('K10985', 1),
('K10986', 2),
('K10987', 2),
('K10988', 2),
('K10989', 2),
('K10990', 2),
('K10991', 1),
('K10992', 1),
('K10993', 2),
('K10994', 2),
('K10995', 1),
('K10996', 1),
('K10997', 1),
('K10998', 2),
('K10999', 2),
('K11000', 1),
('K11001', 2),
('K11002', 1),
('K11003', 1),
('K11004', 2),
('K11005', 1),
('K11006', 2),
('K11007', 1),
('K11008', 6),
('K11009', 32),
('K11010', 52),
('K11011', 54),
('K11012', 37),
('K11013', 46),
('K11014', 47),
('K11015', 50),
('K11016', 46),
('K11017', 40),
('K11018', 36),
('K11019', 53),
('K11020', 50),
('K11021', 46),
('K11022', 50),
('K11023', 35),
('K11030', 1),
('K11031', 1),
('K11032', 1),
('K11033', 1),
('K11034', 1),
('K11035', 1),
('K11036', 13),
('K11037', 13),
('K11038', 5),
('K11039', 12),
('K11041', 6),
('K11043', 33),
('K11044', 33),
('K11045', 33),
('K11046', 33),
('K11047', 33),
('K11048', 33),
('K11049', 33),
('K11050', 33),
('K11051', 33),
('K11052', 51),
('K11053', 50),
('K11054', 50),
('K11055', 52),
('K11056', 47),
('K11057', 36),
('K11058', 36),
('K11059', 22),
('K11060', 53),
('K11061', 53),
('K11062', 44),
('K11063', 22),
('K11064', 53),
('K11065', 35),
('K11066', 54),
('K11067', 53),
('K11074', 1),
('K11075', 1),
('K11076', 2),
('K11077', 2),
('K11078', 1),
('K11079', 1),
('K11080', 1),
('K11081', 2),
('K11082', 1),
('K11083', 1),
('K11084', 2),
('K11085', 1),
('K11086', 1),
('K11087', 1),
('K11088', 54),
('K11089', 36),
('K11090', 42),
('K11091', 54),
('K11092', 1),
('K11093', 50),
('K11094', 1),
('K11095', 22),
('K11096', 42),
('K11097', 16),
('K11098', 43),
('K11099', 16),
('K11100', 50),
('K11101', 22),
('K11102', 51),
('K11103', 22),
('K11107', 1),
('K11108', 1),
('K11110', 1),
('K11111', 1),
('K11112', 13),
('K11113', 16),
('K11114', 15),
('K11116', 28),
('K11117', 33),
('K11118', 27),
('K11119', 27),
('K11120', 34),
('K11121', 34),
('K11122', 54),
('K11123', 1),
('K11124', 1),
('K11125', 48),
('K11126', 51),
('K11127', 44),
('K11128', 43),
('K11129', 1),
('K11139', 1),
('K11140', 6),
('K11141', 5),
('K11142', 50),
('K11144', 4),
('K11146', 5),
('K11147', 5),
('K11148', 21),
('K11149', 33),
('K11150', 25),
('K11151', 29),
('K11152', 27),
('K11153', 27),
('K11154', 25),
('K11155', 26),
('K11156', 27),
('K11158', 43),
('K11159', 46),
('K11160', 16),
('K11161', 19),
('K11162', 46),
('K11163', 22),
('K11164', 36),
('K11165', 47),
('K11169', 1),
('K11170', 1),
('K11171', 1),
('K11172', 6),
('K11173', 1),
('K11174', 1),
('K11175', 1),
('K11176', 9),
('K11177', 1),
('K11178', 5),
('K11179', 1),
('K11180', 9),
('K11181', 1),
('K11182', 1),
('K11183', 1),
('K11184', 11),
('K11185', 1),
('K11186', 13),
('K11187', 13),
('K11189', 23),
('K11190', 20),
('K11191', 22),
('K11192', 15),
('K11194', 32),
('K11195', 27),
('K11196', 33),
('K11198', 25),
('K11199', 13),
('K11200', 54),
('K11201', 47),
('K11202', 47),
('K11203', 5),
('K11204', 5),
('K11205', 36),
('K11206', 47),
('K11207', 48),
('K11215', 36),
('K11216', 40),
('K11217', 40),
('K11226', 37),
('K11227', 35),
('K11228', 36),
('K11229', 36),
('K11230', 51),
('K11231', 10),
('K11235', 1),
('K11236', 4),
('K11237', 1),
('K11238', 1),
('K11239', 4),
('K11240', 1),
('K11241', 1),
('K11242', 4),
('K11243', 1),
('K11244', 1),
('K11245', 1),
('K11246', 1),
('K11247', 5),
('K11248', 9),
('K11249', 9),
('K11250', 6),
('K11251', 5),
('K11252', 6),
('K11253', 33),
('K11254', 33),
('K11255', 33),
('K11256', 29),
('K11257', 32),
('K11258', 33),
('K11259', 5),
('K11260', 10),
('K11262', 13),
('K11263', 35),
('K11264', 13),
('K11267', 1),
('K11268', 1),
('K11269', 1),
('K11270', 1),
('K11271', 1),
('K11272', 1),
('K11273', 1),
('K11274', 1),
('K11275', 1),
('K11276', 1),
('K11277', 1),
('K11278', 1),
('K11279', 1),
('K11280', 1),
('K11281', 1),
('K11282', 5),
('K11283', 7),
('K11284', 6),
('K11285', 9),
('K11286', 33),
('K11287', 33),
('K11288', 35),
('K11290', 1),
('K11291', 1),
('K11292', 1),
('K11293', 2),
('K11294', 2),
('K11295', 1),
('K11296', 1),
('K11297', 6),
('K11298', 6),
('K11299', 9),
('K11300', 5),
('K11301', 27),
('K11302', 32),
('P1093', 1);

--
-- Triggers `karyawan_workstation`
--
DELIMITER $$
CREATE TRIGGER `record_join_ws` BEFORE INSERT ON `karyawan_workstation`
 FOR EACH ROW INSERT INTO relocate_history (npk, subworkstation_id)
VALUES (NEW.npk, NEW.workstation_id)
$$
DELIMITER ;
DELIMITER $$
CREATE TRIGGER `record_leave_ws` BEFORE DELETE ON `karyawan_workstation`
 FOR EACH ROW UPDATE relocate_history SET end_time = NOW() WHERE id = (SELECT id FROM relocate_history WHERE npk = OLD.npk AND subworkstation_id = OLD.workstation_id ORDER BY start_time DESC LIMIT 1)
$$
DELIMITER ;

-- --------------------------------------------------------

--
-- Table structure for table `mp_category`
--

CREATE TABLE IF NOT EXISTS `mp_category` (
  `codename` varchar(11) NOT NULL
) ENGINE=InnoDB DEFAULT CHARSET=latin1 COLLATE=latin1_swedish_ci;

--
-- Dumping data for table `mp_category`
--

INSERT INTO `mp_category` (`codename`) VALUES
('msk'),
('kt'),
('png'),
('pssp'),
('fivejq'),
('kao');

-- --------------------------------------------------------

--
-- Table structure for table `mp_file_proof`
--

CREATE TABLE IF NOT EXISTS `mp_file_proof` (
  `id` int(11) NOT NULL,
  `npk` varchar(11) NOT NULL,
  `mp_category` varchar(11) NOT NULL,
  `name` varchar(32) NOT NULL,
  `filename` varchar(32) NOT NULL,
  `description` varchar(64) DEFAULT NULL,
  `posted_time` timestamp NOT NULL DEFAULT current_timestamp()
) ENGINE=InnoDB AUTO_INCREMENT=32 DEFAULT CHARSET=latin1 COLLATE=latin1_swedish_ci;

--
-- Dumping data for table `mp_file_proof`
--

INSERT INTO `mp_file_proof` (`id`, `npk`, `mp_category`, `name`, `filename`, `description`, `posted_time`) VALUES
(31, '02550', 'msk', 'tes.pdf', '2023113010091602550.pdf', 'deskripsi\r\n\r\n', '2023-11-30 03:09:16');

-- --------------------------------------------------------

--
-- Table structure for table `mp_scores`
--

CREATE TABLE IF NOT EXISTS `mp_scores` (
  `npk` varchar(11) CHARACTER SET utf8 COLLATE utf8_general_ci NOT NULL,
  `msk` int(11) NOT NULL,
  `kt` int(11) NOT NULL,
  `png` int(11) NOT NULL,
  `pssp` int(11) NOT NULL,
  `fivejq` int(11) NOT NULL,
  `kao` int(11) NOT NULL
) ENGINE=InnoDB DEFAULT CHARSET=latin1 COLLATE=latin1_swedish_ci;

--
-- Dumping data for table `mp_scores`
--

INSERT INTO `mp_scores` (`npk`, `msk`, `kt`, `png`, `pssp`, `fivejq`, `kao`) VALUES
('K11203', 5, 5, 5, 5, 5, 5);

-- --------------------------------------------------------

--
-- Table structure for table `process`
--

CREATE TABLE IF NOT EXISTS `process` (
  `id` int(11) NOT NULL,
  `workstation_id` int(11) NOT NULL,
  `name` varchar(48) NOT NULL,
  `min_skill` int(11) NOT NULL
) ENGINE=InnoDB AUTO_INCREMENT=726 DEFAULT CHARSET=latin1 COLLATE=latin1_swedish_ci;

--
-- Dumping data for table `process`
--

INSERT INTO `process` (`id`, `workstation_id`, `name`, `min_skill`) VALUES
(1, 1, 'CHARGING', 3),
(2, 1, 'TREATMENT CAIRAN', 3),
(3, 1, 'POURING', 3),
(4, 1, 'GRAVITY', 3),
(5, 1, 'CUTTING', 3),
(6, 1, 'SANDING', 2),
(7, 1, 'GANTI MODEL', 3),
(8, 1, 'LINE GUIDE', 4),
(9, 1, 'PICKINGMAN', 2),
(10, 1, 'SUPLYMAN', 3),
(11, 1, 'WELDING BAND SAW', 2),
(12, 1, 'REPAIR', 2),
(13, 1, 'ALFA ROBOT', 3),
(14, 1, 'CAROUSEL', 3),
(15, 1, 'PREDRILL/MACOD', 2),
(16, 1, 'GANTRY', 2),
(17, 1, 'QUALITY GATE', 1),
(18, 1, 'MAINTENANCE DIES', 2),
(19, 1, 'MAINTENANCE CORE', 2),
(20, 1, 'CONTROLMAN', 3),
(21, 1, 'YUNGSAN', 2),
(22, 1, 'SMELTER', 2),
(23, 1, 'AUTO CUTTING', 3),
(24, 1, 'MAPI', 3),
(25, 2, 'ROBO DRILL', 3),
(26, 2, 'MANUAL', 2),
(27, 2, 'TAKISAWA', 3),
(28, 2, 'MORISEIKI', 3),
(29, 2, 'SUPPLY OTC', 2),
(30, 2, 'SUPPLY OTB', 2),
(31, 2, 'ROBOT', 3),
(32, 2, 'LINE GUIDE', 4),
(33, 2, 'OLI / COOLANT', 2),
(34, 2, 'BTA', 4),
(35, 2, 'CLEANING', 2),
(36, 2, 'CEK DIMENSI', 3),
(37, 2, 'PICKINGMAN LIBERO', 2),
(38, 2, 'PREP TOOL', 3),
(39, 2, 'CONTROLMAN', 3),
(40, 2, 'SOP', 3),
(41, 2, 'PEMAHAMAN PRODUCT', 3),
(42, 2, 'PEMAHAMAN PART "OK" & "NG"', 3),
(43, 2, 'PROBLEM SOLVING', 3),
(44, 2, 'CHECK VISUAL O/TUBE', 2),
(45, 2, 'QUALITY AWARENESS', 3),
(46, 2, 'CEK DIMENSI', 3),
(47, 3, 'BUFFING MOPED', 2),
(48, 3, 'BUFFING SPORT', 4),
(49, 3, 'REPAIR BUFFING', 4),
(50, 3, 'KEROK ROLL', 2),
(51, 3, 'BUAT ROLL', 4),
(52, 3, 'REPAIR PAINTING', 4),
(53, 3, 'REPAIR BELTON', 3),
(54, 3, 'AIR BLOW', 1),
(55, 3, 'THICKNESS', 1),
(56, 3, 'TESTER', 1),
(57, 3, 'QUALITY GATE', 1),
(58, 3, 'LINE GUIDE', 4),
(59, 4, 'LOADING ', 2),
(60, 4, 'MASKING & SET POSISI O.TUBE', 2),
(61, 4, 'SETTING ROBOT', 3),
(62, 4, 'TOUCH UP', 2),
(63, 4, 'MIXING', 4),
(64, 4, 'TITRASI', 4),
(65, 4, 'UNLOADING/LEPAS MASKING', 2),
(66, 4, 'PICKMAN ', 2),
(67, 4, 'AEROX', 2),
(68, 4, 'REPAIR', 2),
(69, 4, 'TARIK', 2),
(70, 4, 'THICKNESS', 1),
(71, 4, 'POLESHING', 2),
(72, 4, 'LINE KEEPER', 3),
(73, 4, 'LINE GUIDE', 4),
(74, 4, 'LG BOARD', 2),
(75, 4, 'SOP', 3),
(76, 4, 'PEMAHAMAN PRODUCT', 3),
(77, 4, 'PEMAHAMAN PART "OK" & "NG"', 3),
(78, 4, 'PROBLEM SOLVING', 3),
(79, 4, 'QUALITY AWARENESS', 3),
(80, 4, 'PDI FF ASSY', 3),
(81, 4, 'INSPECTOR FF ASY', 3),
(82, 4, 'CHECK VISUAL O/TUBE', 2),
(83, 5, 'INSERTING CYLINDER', 2),
(84, 5, 'I/TUBE CAULKING', 3),
(85, 5, 'ASSY DAMPER', 2),
(86, 5, 'NUT RUNNER & OIL SEAL PRESS', 3),
(87, 5, 'PRESS DUST SEAL & CEK UNSMOOTH', 3),
(88, 5, 'LEAKAGE TESTER', 2),
(89, 5, 'OIL FILLING & INSERT SPRING', 3),
(90, 5, 'C-PIN 1', 3),
(91, 5, 'PRESS PROTECTOR', 3),
(92, 5, 'INSERTING DAMPER', 3),
(93, 5, 'BOLT TIGHT UBC & CHECK AXLE', 3),
(94, 5, 'CEK TORQUE & MARKING', 2),
(95, 5, 'DAMPING FORCE', 3),
(96, 5, 'LINE GUIDE', 4),
(97, 5, 'ASSY CYL COMP', 3),
(98, 5, 'REPACK.O/SEAL, BOLT & ASSY BOLT+PACK DLL', 2),
(99, 5, 'PRESS BALL RACE', 3),
(100, 5, 'PICKINGMAN', 2),
(101, 6, 'INSERTING PART', 2),
(102, 6, 'INSERTING CYLINDER', 2),
(103, 6, 'I/TUBE CAULKING', 3),
(104, 6, 'ASSY DAMPER', 2),
(105, 6, 'NUT RUNNER O/SEAL PRES', 3),
(106, 6, 'SNAP RING SEAT', 2),
(107, 6, 'PRESS DUST SEAL & UNSMOOTH', 2),
(108, 6, 'LEAKAGE TESTER', 2),
(109, 6, 'INSERTING DAMPER', 3),
(110, 6, 'TIGHT. BOLT UBC & TENSION', 3),
(111, 6, 'CHECK 3 POINT', 2),
(112, 6, 'INSERT OIL & SPRING', 2),
(113, 6, 'CAP TIGHTENING', 3),
(114, 6, 'CHECK HUB LENGHT', 2),
(115, 6, 'DAMFING FORCE MANUAL', 3),
(116, 6, 'PRESS UBC COMPLETE', 2),
(117, 6, 'LINE GUIDE', 4),
(118, 6, 'ASSY CYL COMP', 3),
(119, 7, 'INSERTING PART, CYLINDER & CAULKING', 2),
(120, 7, 'I/TUBE CAULKING', 3),
(121, 7, 'NUT RUNNER DAMPER', 3),
(122, 7, 'OIL SEAL PRESS, SNAP RING SEAT & PRESS DUST SEAL', 3),
(123, 7, 'PRESS DUST SEAL & UNSMOOTH', 2),
(124, 7, 'LEAKAGE TESTER & OIL FILLING INSERT SPRING', 2),
(125, 7, 'C-PIN', 3),
(126, 7, 'INSERTING DAMPER, BOLT TIGHT UBC & CHECK AXLE ', 2),
(127, 7, 'BOLT TIGHTENING', 3),
(128, 7, 'CONFIRM TORQUE', 2),
(129, 7, 'CONFIRM TORQUE & MARKING', 2),
(130, 7, 'DAMPING FORCE MANUAL', 3),
(131, 7, 'LINE GUIDE', 4),
(132, 7, 'ASSY CYL COMP', 3),
(133, 7, 'REPACK.O/SEAL &BOLT + ASSY BOLT+PACK DLL', 2),
(134, 7, 'PICKINGMAN', 2),
(135, 7, 'PRESS BALL RACE', 3),
(136, 8, 'AX.BRACKET/SCREW TIGHT', 2),
(137, 8, 'BOLT TIGHTNING/OIL SEAL GRS', 3),
(138, 8, 'PRESS OILSEAL/DUST SEAL/SNAPRING', 3),
(139, 8, 'OIL FILLING/TESTER', 3),
(140, 8, 'DAMPING FORCE', 3),
(141, 8, 'CAP TIGTHENING', 3),
(142, 8, 'ASSY DAMPER', 2),
(143, 8, '3 POINT/PRESS BALLRACE', 2),
(144, 8, 'PICKMAN + AXLE LINE 4', 2),
(145, 8, 'CLEANING/ PICKINGMAN L4', 2),
(146, 8, 'SUB ASSY CYL COM', 3),
(147, 8, 'REPACK.O/SEAL, BOLT & ASSY BOLT+PACK DLL', 2),
(148, 8, 'LINE GUIDE', 4),
(149, 8, 'CLEANING INERTUBE', 2),
(150, 9, 'INSERTING PART, CYLINDER', 2),
(151, 9, 'I/TUBE CAULKING', 3),
(152, 9, 'NUT RUNNER DAMPER', 3),
(153, 9, 'OIL SEAL PRESS, SNAP RING SEAL ', 3),
(154, 9, 'PRESS DUST SEAL', 2),
(155, 9, 'LEAKAGE TESTER', 2),
(156, 9, 'OIL FILLING INSERT SPRING', 2),
(157, 9, 'C-PIN', 3),
(158, 9, 'DAMPING FORCE MESIN', 3),
(159, 9, 'DAMPING FORCE MANUAL', 3),
(160, 9, 'MARKING', 4),
(161, 9, 'LINE GUIDE', 4),
(162, 9, 'SUB ASSY CYL COMP', 2),
(163, 9, 'REPACK.O/SEAL &BOLT + ASSY BOLT+PACK DLL', 2),
(164, 9, 'PICKINGMAN', 2),
(165, 10, 'CLEANING SPRING', 3),
(166, 10, 'P / M TPOP ( CKD )', 3),
(167, 10, 'PICKINGMAN PALLET/UBC', 3),
(168, 10, 'CLEANING CYLINDER', 3),
(169, 10, 'CLEANING INNER TUBE', 3),
(170, 10, 'SUPPLY', 2),
(171, 10, 'LINE GUIDE', 4),
(172, 11, 'PASANG UPB XD 831 / BEARING', 2),
(173, 11, 'SIKAT ST.SHAFT', 2),
(174, 11, 'CLEANING BOX /  TRAY', 2),
(175, 11, 'IMPROVE', 3),
(176, 11, 'LINE GUIDE IMPROVEMENT', 4),
(177, 11, 'REAPAIR MOPED', 2),
(178, 11, 'REPAIR SPORT', 2),
(179, 11, 'REPAIR UP SIDE DOWN', 3),
(180, 11, 'BONGKAR PART', 2),
(181, 11, 'TRANSAKSI BAAN', 3),
(182, 11, 'ASSY POD', 3),
(183, 12, 'IDENTIFIKASI DEFFECT', 3),
(184, 12, 'LEPAS  DAMPER', 3),
(185, 12, 'LEPAS C PIN /CAP', 3),
(186, 12, 'BONGKAR DAMPER', 2),
(187, 12, 'IDENTIFIKASI PART', 3),
(188, 12, 'MERAPIKAN PART', 3),
(189, 12, 'RUSAK  PART NG', 3),
(190, 12, 'BUANG  LIMBAH EX REPAIR', 3),
(191, 12, 'TRANSACTION CONTROL', 3),
(192, 13, 'PRESS & WELDING 1', 3),
(193, 13, 'PRESS & WELDING 3', 3),
(194, 13, 'PRESS & WELDING 4', 3),
(195, 13, 'PRESS & WELDING 5 /7', 3),
(196, 13, 'PRESS & WELDING 8', 3),
(197, 13, 'INSPECTOR UBC', 3),
(198, 13, 'POLESH UBC', 2),
(199, 13, 'SUPPLY', 2),
(200, 13, 'LINE GUIDE UBC', 4),
(201, 13, 'IMPROVEMENT + 5R + PICK UP DEFECT', 3),
(202, 13, 'REPAIR', 2),
(203, 13, 'LG BOARD', 2),
(204, 14, 'PREPARATION BOX', 3),
(205, 14, 'WEIGHTING PART', 3),
(206, 14, 'LABELING', 3),
(207, 14, 'SET IN PALLET/BOX', 3),
(208, 14, 'FORKLIFT', 3),
(209, 14, 'PACK POD GP', 3),
(210, 14, 'LINE GUIDE', 4),
(211, 14, 'IT CAULKING', 3),
(212, 14, 'PRESS BALLRACE', 3),
(213, 14, 'PRESS OUTERTUBE', 3),
(214, 14, 'TRANSAKSI', 3),
(215, 14, 'PACK EXPORT', 3),
(216, 15, 'SUB ASSY PISTON', 3),
(217, 15, 'SUB ASSY PISTON ROD', 3),
(218, 15, 'HI SPIN', 3),
(219, 15, 'ROLLING', 3),
(220, 15, 'OIL FILLING ', 2),
(221, 15, 'CAULKING', 3),
(222, 15, 'MARKING LASER', 3),
(223, 15, 'MOUNTING PARTS', 2),
(224, 15, 'SPRING PRESS', 3),
(225, 15, 'D/F TESTER', 3),
(226, 15, 'FREE LENGTH CHECK', 3),
(227, 15, 'STROKE', 2),
(228, 15, 'SUPPLY PARTS CKD / TPOP LINE 2', 2),
(229, 15, 'LINE GUIDE SPRING PRESS LINE 1 + 2', 4),
(230, 15, 'CLEANING S PART / HIDRO CARBONE', 2),
(231, 15, 'CLEANING PISTON ROD', 2),
(232, 15, 'TOWING', 3),
(233, 15, 'SEAL PRESS', 3),
(234, 15, 'UCEK UCEK + VACUM', 2),
(235, 16, 'SUB ASSY PISTON', 3),
(236, 16, 'SUB ASSY PISTON ROD', 3),
(237, 16, 'HISPIN', 3),
(238, 16, 'OIL FILLING ', 2),
(239, 16, 'ROLLING', 3),
(240, 16, ' STROKE ', 2),
(241, 16, 'MARKING LASER', 3),
(242, 16, 'MOUNTING PARTS', 2),
(243, 16, 'SPRING PRESS', 3),
(244, 16, 'FREE LENGTH CHECK', 3),
(245, 16, 'SUPPLY PARTS CKD / TPOP LINE 3', 2),
(246, 16, 'SUPPORT LINE 3 ', 2),
(247, 16, 'OIL SEAL PRESS', 3),
(248, 16, 'CAULKING DAMPER', 3),
(249, 16, 'CAULK KIWA', 3),
(250, 16, 'D/F TESTER', 3),
(251, 16, 'CLEANING JKS ( CYL COMP )', 2),
(252, 16, 'TRANFER CYLINDER', 2),
(253, 17, 'SUPPORTING DAMPER ASSY ', 2),
(254, 17, 'SUB ASSY PISTON', 3),
(255, 17, 'TIGHTENING CAULKING ', 3),
(256, 17, 'OIL FILLING', 2),
(257, 17, 'OIL SEAL PRESS', 3),
(258, 17, 'D/F TESTER ', 3),
(259, 17, 'MOUNTING PARTS', 2),
(260, 17, 'SPRING PRESS', 3),
(261, 17, 'FREE LENGTH CHECK', 3),
(262, 17, 'PRESS RB.BUSHING', 2),
(263, 17, 'SUPPLY PARTS CKD / TPOP', 2),
(264, 17, 'SUPPORT LINE 4 + BANTU FREE LENGHT + WD', 2),
(265, 17, 'BVC ASSY ', 2),
(266, 17, 'LINE GUIDE SPRING PRESS LINE 3 + 4', 4),
(267, 17, 'LINE GUIDE CLOSE ROOM LINE 3 + 4', 4),
(268, 17, 'CLEANING JKS ( CYL COMP )', 2),
(269, 17, 'CLEANING WATER FALL ( O SHELL + CYL ISI )', 2),
(270, 17, 'TRANSFER CYL', 2),
(271, 17, 'MARKING', 4),
(272, 17, 'CAULKING', 3),
(273, 17, 'HI-SPIN', 3),
(274, 17, 'PRESS CYLINDER', 2),
(275, 17, 'CONDENSOR WELDING', 3),
(276, 18, 'MOUNTING PARTS', 2),
(277, 18, 'MARKING LASER', 3),
(278, 18, 'SPRING PRESS', 3),
(279, 18, 'FREE LENGTH CHECK', 3),
(280, 18, 'SUPPLY PARTS CKD / TPOP LINE 5', 2),
(281, 18, 'BONGKAR DAMPER', 2),
(282, 18, 'SUB ASSY ORING', 3),
(283, 18, 'SUB ASSY PISTON ROD', 3),
(284, 18, 'HISPIN ', 3),
(285, 18, 'CAULKING ', 3),
(286, 18, 'TIGHTENING TANK', 3),
(287, 18, 'PRESS BLADDER', 3),
(288, 18, 'OIL FILLING', 2),
(289, 18, 'SUPPORT DAMPER', 2),
(290, 18, 'PRESS CAP', 3),
(291, 18, 'OIL SEAL PRESS', 3),
(292, 18, 'ROLLING', 3),
(293, 18, 'D/F TESTER', 3),
(294, 18, 'LEAKAGE TESTER', 2),
(295, 18, 'PDI', 3),
(296, 18, 'LINE GUIDE', 4),
(297, 19, 'SUB ASSY PISTON', 3),
(298, 19, 'SUB ASSY PISTON ROD', 3),
(299, 19, 'HI SPIN', 3),
(300, 19, 'ROLLING', 3),
(301, 19, 'OIL FILLING ', 2),
(302, 19, 'CAULKING', 3),
(303, 19, 'D/F TESTER', 3),
(304, 19, 'SLITING', 2),
(305, 19, 'TIGHTENING TANK', 3),
(306, 19, 'PRESS BLADDER', 3),
(307, 19, 'LEAKAGE TESTER', 2),
(308, 19, 'SUPPLY PARTS CKD', 2),
(309, 19, 'LINE GUIDE ', 4),
(310, 19, 'MARKING LASER', 3),
(311, 19, 'MOUNTING PARTS', 2),
(312, 19, 'SPRING PRESS', 3),
(313, 20, 'CLEANING SMALL PART / HIDRO CARBONE', 2),
(314, 20, 'CLEANING PISTON ROD', 2),
(315, 20, 'CLEANING PISTON ROD WELDING', 2),
(316, 20, 'TOWING', 3),
(317, 20, 'REJECT (ANALISA/INPUT BONGKAR MOUNTING)', 3),
(318, 20, 'LINE GUIDE', 4),
(319, 20, 'LINE KEEPER', 3),
(320, 20, 'IMPROVEMENT', 3),
(321, 21, 'REINFORCE', 3),
(322, 21, 'P.ROD WELD.', 3),
(323, 21, 'ROTARY', 3),
(324, 21, 'SEAM WELD', 3),
(325, 21, 'STOPPER WELD', 3),
(326, 21, 'EYE CAP WELD', 3),
(327, 21, 'GRINDING', 3),
(328, 21, 'SPOT', 2),
(329, 21, 'MARKING', 4),
(330, 21, 'PROJ. WELD', 3),
(331, 21, 'COND. WELD', 3),
(332, 21, 'CHAMPER', 2),
(333, 21, 'CLEANING', 2),
(334, 21, 'TESTER', 1),
(335, 21, 'ROBOT REINFORCE', 3),
(336, 21, 'BUFFING', 4),
(337, 21, 'LINE GUIDE', 4),
(338, 21, 'BRUSH CYLINDER', 3),
(339, 21, 'GENJOT OCU', 2),
(340, 22, 'SETTING', 3),
(341, 22, 'TOUCH UP', 2),
(342, 22, 'MIXING', 4),
(343, 22, 'TITRASI', 4),
(344, 22, 'INSPECTOR', 3),
(345, 22, 'LOADING', 2),
(346, 22, 'UN LOADING', 2),
(347, 22, 'REPAIR', 2),
(348, 22, 'MASKING', 2),
(349, 22, 'TARIK', 2),
(350, 22, 'PICKINGMAN', 2),
(351, 22, 'LINE GUIDE', 4),
(352, 22, 'PRESS BHUSING', 2),
(353, 23, 'PREPARATION BOX', 3),
(354, 23, 'INSERT TO THE BOX', 3),
(355, 23, 'WEIGHTING PART', 3),
(356, 23, 'LABELING', 3),
(357, 23, 'SET IN PALLET/BOX', 3),
(358, 23, 'PACKAGING GP', 3),
(359, 23, 'PIC KONTROL', 3),
(360, 23, 'LINE GUIDE', 4),
(361, 24, 'SUPPLYMAN', 3),
(362, 24, 'MIYANO', 2),
(363, 24, 'CUTTING', 3),
(364, 24, 'ROLLING M12-M14', 4),
(365, 24, 'ROLLING M6,M7,M8 & M10', 4),
(366, 24, 'KIT / STOREMAN', 2),
(367, 24, 'MILLING', 4),
(368, 24, 'HEXAGON', 4),
(369, 24, 'BORRING', 2),
(370, 24, 'LINE GUIDE', 4),
(371, 25, 'PRG 1', 4),
(372, 25, 'PRG 2', 4),
(373, 25, 'PRG 3', 4),
(374, 25, 'PRG 4', 4),
(375, 25, 'PRG 5', 4),
(376, 25, 'PRG 6', 4),
(377, 25, 'PICKINGMAN', 2),
(378, 25, 'LINE GUIDE', 4),
(379, 26, 'HARDENING', 4),
(380, 26, 'TEMPERING', 4),
(381, 26, 'CUTTING', 3),
(382, 26, 'HRA CHECK', 4),
(383, 27, 'PRP 1', 3),
(384, 27, 'PRP 2', 3),
(385, 27, 'PRP 3', 3),
(386, 27, 'PRP 4', 3),
(387, 27, 'PICKINGMAN', 2),
(388, 27, 'STOREMAN', 2),
(389, 27, 'RA & BLAKEN', 3),
(390, 27, 'LINE GUIDE', 4),
(391, 28, 'PRB 1', 3),
(392, 28, 'PRB 2', 3),
(393, 28, 'PRB 3', 3),
(394, 28, 'PRB 4', 4),
(395, 28, 'PRB 5', 4),
(396, 28, 'PRB 6', 4),
(397, 28, 'PRB 7', 4),
(398, 29, 'SOP', 3),
(399, 29, 'INSPECTION REPORT', 3),
(400, 29, '"S" PROCESS', 3),
(401, 29, 'PEMAHAMAN PRODUCT', 3),
(402, 29, 'PEMAHAMAN PART "OK" & "NG"', 3),
(403, 29, 'PROBLEM SOLVING', 3),
(404, 29, 'QUALITY AWARENESS', 3),
(405, 30, 'PAINTING PROCESS', 2),
(406, 30, 'CHROME PROCESS', 2),
(407, 30, 'NICKEL PROCESS', 2),
(408, 30, 'FILTER PRESS', 2),
(409, 31, 'MARKING', 4),
(410, 31, 'REDUCING + EXPAND', 3),
(411, 31, 'BEAD CRUSHER', 3),
(412, 31, 'REJECT ANALYSE', 2),
(413, 31, 'SUPPLYMAN', 3),
(414, 31, 'SOTERMAN KIT', 2),
(415, 31, 'LINE GUIDE', 4),
(416, 32, 'ITG 1', 3),
(417, 32, 'ITG 2', 3),
(418, 32, 'ITG 3', 3),
(419, 32, 'ITG 4', 3),
(420, 32, 'ITG 5', 3),
(421, 32, 'ITG 6', 3),
(422, 32, 'PICKINGMAN', 2),
(423, 32, 'INSPECTION', 3),
(424, 32, 'CHECK COOLANT', 3),
(425, 32, 'LINE GUIDE', 4),
(426, 32, 'IMPROVEMENT', 3),
(427, 33, 'ITP 1', 3),
(428, 33, 'ITP 2', 3),
(429, 33, 'ITP 3', 3),
(430, 33, 'ITO 1', 3),
(431, 33, 'ITO 2', 3),
(432, 33, 'ITO 3', 3),
(433, 33, 'ITO 4', 3),
(434, 33, 'ITP 4', 3),
(435, 33, 'STOCK', 2),
(436, 33, 'PICKINGMAN', 2),
(437, 33, 'CHECK CHEMICAL NICKEL', 3),
(438, 33, 'LINE GUIDE', 4),
(439, 33, 'CEK THICKNESS', 3),
(440, 34, 'SOP', 3),
(441, 34, 'INSPECTION REPORT', 3),
(442, 34, 'PATROL SYSTEM', 3),
(443, 34, '"S" PROCESS', 3),
(444, 34, 'SPC', 3),
(445, 34, 'PEMAHAMAN PRODUCT', 3),
(446, 34, 'PEMAHAMAN PART "OK" & "NG"', 3),
(447, 34, 'PROBLEM SOLVING', 3),
(448, 34, 'QUALITY AWARENESS', 3),
(449, 34, 'CHECK VISUAL I/TUBE', 3),
(450, 35, 'PAINTING MINI', 3),
(451, 35, 'LOWER CAP PRESS', 3),
(452, 35, 'LOWER SEAM WELDING', 3),
(453, 35, 'CLEANING O/S', 2),
(454, 35, 'TABLE ASSY', 3),
(455, 35, 'CRIMPING', 3),
(456, 35, 'AUTOTIGH', 3),
(457, 35, 'BVC PRESS', 2),
(458, 35, 'CLEANING PISTONROD', 2),
(459, 35, 'PACKINGCASE PRESS', 3),
(460, 35, 'UPPERSEAM WELDING', 3),
(461, 35, 'ROLLCLOSSING', 2),
(462, 35, 'INSERT PLUG', 3),
(463, 35, 'GAS OIL FILLING', 3),
(464, 35, 'AIR REMAINING', 3),
(465, 35, 'D/F TESTER', 3),
(466, 35, 'LOWER PROJECTION', 3),
(467, 35, 'REINFORCE WELD', 3),
(468, 35, 'COVER PRESS', 3),
(469, 35, 'SPOT WELDING', 3),
(470, 35, 'RB PRESS', 2),
(471, 35, 'SENSOR BRACKET', 3),
(472, 35, 'HOSE BRACKET', 3),
(473, 36, 'TOWING', 3),
(474, 36, 'PRE CLEANING', 2),
(475, 36, 'O/SHELL CLEANING', 3),
(476, 36, 'PISTON ASSY', 2),
(477, 36, 'AUTOTIGH & CAULCKING', 3),
(478, 36, 'BVC PRESS', 2),
(479, 36, 'OIL FILLING', 2),
(480, 36, 'PACKING CASE PRESS', 3),
(481, 36, 'UPPERSEAM WELDING', 3),
(482, 36, 'GAS FILLING', 2),
(483, 36, 'ROLL CLOSSING', 3),
(484, 36, 'D/F TESTER', 3),
(485, 36, 'BUMP STOPPER', 3),
(486, 37, 'PICKINGMAN', 2),
(487, 37, 'PAINTING MINI', 3),
(488, 37, 'LOWER CAP PRESS', 3),
(489, 37, 'LOWER SEAM WELDING', 3),
(490, 37, 'O/SHELL CLEANING', 3),
(491, 37, 'TABLE ASSY', 3),
(492, 37, 'TIGHTENING', 3),
(493, 37, 'P/ROD CLEANING', 3),
(494, 37, 'AUTO BVC', 3),
(495, 37, 'ROLL CLOSSING', 3),
(496, 37, 'INSERT PLUG', 3),
(497, 37, 'GAS OIL FILLING', 3),
(498, 37, 'AIR REMAINING', 3),
(499, 37, 'D/F TESTER', 3),
(500, 37, 'LOWER PROJECTION WELDING', 3),
(501, 37, 'COVER PRESS', 3),
(502, 37, 'REINFORCE WELDING', 3),
(503, 37, 'SPOT COVER', 3),
(504, 37, 'RUBBER PRESS', 2),
(505, 38, 'LOWER CAP PRESS', 3),
(506, 38, 'LOWER SEAM WELDING', 3),
(507, 38, 'CLEANING O/S', 2),
(508, 38, 'PISTON ASSY COMPLETE', 2),
(509, 38, 'AUTOTIGH', 3),
(510, 38, 'BVC PRESS', 2),
(511, 38, 'CLEANING PISTON ROD', 2),
(512, 38, 'PACKING CASE PRESS', 3),
(513, 38, 'UPPER SEAM WELDING', 3),
(514, 38, 'ROLLCLOSSING', 2),
(515, 38, 'INSERT PLUG', 3),
(516, 38, 'GAS OIL FILLING', 3),
(517, 38, 'AIR REMAINING', 3),
(518, 38, 'D/F TESTER', 3),
(519, 38, 'LOWER PROJECTION', 3),
(520, 38, 'REINFORCE WELD', 3),
(521, 38, 'COVER PRESS', 3),
(522, 38, 'SPOT WELDING', 3),
(523, 38, 'RB PRESS UPPER', 3),
(524, 38, 'RB PRESS LOWER', 3),
(525, 38, 'SENSOR BRACKET', 3),
(526, 38, 'HOSE BRACKET', 3),
(527, 39, 'PICKINGMAN', 2),
(528, 39, 'O/SHELL CLEANING', 3),
(529, 39, 'TABLE ASSY & AUTOTIGHTENING', 3),
(530, 39, 'GAS FILLING', 2),
(531, 39, 'ROLL CLOSING', 3),
(532, 39, 'D/F TESTER', 3),
(533, 39, 'BUMP STOPPER', 3),
(534, 40, 'PICKINGMAN', 2),
(535, 40, 'O/SHELL MARKING', 3),
(536, 40, 'REDUCHING', 3),
(537, 40, 'SPRING SEAT WELDING', 3),
(538, 40, 'P/ROD WELDING', 3),
(539, 40, 'CLEANING P/ROD', 3),
(540, 40, 'LOWER CAP PRESS', 3),
(541, 40, 'LOWER SEAM WELDING', 3),
(542, 40, 'CLEANING PARTS', 3),
(543, 40, 'TABLE ASSY', 3),
(544, 40, 'CRIMPING', 3),
(545, 40, 'TIGHTENING', 3),
(546, 40, 'HI SPIN', 3),
(547, 40, 'CLEANING P/ROD COMPLETE', 3),
(548, 40, 'AUTO BVC', 3),
(549, 40, 'ROLL CLOSSING', 3),
(550, 40, 'INSERT PLUG', 3),
(551, 40, 'GAS OIL FILLING', 3),
(552, 40, 'ASSY BVC', 3),
(553, 40, 'ASSY PISTON', 3),
(554, 40, 'AIR REMAINING', 3),
(555, 40, 'D/F TESTER', 3),
(556, 40, 'PAINTING MINI', 3),
(557, 40, 'LOWER PROJECTION WELD', 3),
(558, 40, 'LOWER PROJECTION BOSS', 3),
(559, 40, 'ROTARY WELDING', 3),
(560, 40, 'COVER PRESS', 3),
(561, 40, 'SPOT COVER', 3),
(562, 40, 'REINFORCE WELDING', 3),
(563, 40, 'SENSOR BRACKET', 3),
(564, 40, 'HOSE BRACKET', 3),
(565, 41, 'SOP', 3),
(566, 41, 'INSPECTION REPORT', 3),
(567, 41, '"S" PROCESS', 3),
(568, 41, 'PEMAHAMAN PRODUCT', 3),
(569, 41, 'PEMAHAMAN PART "OK" & "NG"', 3),
(570, 41, 'QUALITY AWARENESS', 3),
(571, 41, 'CHECK FUNCTION', 3),
(572, 42, 'LOWER SEAM WELD', 3),
(573, 42, 'TIGHTENING CAULKING', 3),
(574, 42, 'OIL FILLING', 2),
(575, 42, 'P. R. ASSY', 2),
(576, 42, 'UPP SEAM WELD', 3),
(577, 42, 'D/F TESTER', 3),
(578, 42, 'SPOT WELD', 3),
(579, 42, 'RB PRESS', 2),
(580, 42, 'PICKINGMAN', 2),
(581, 42, 'LINE GUIDE', 4),
(582, 42, 'PISTON PARTS ASSY', 3),
(583, 42, 'BVC PARTS ASSY', 2),
(584, 43, 'PICKINGMAN', 2),
(585, 43, 'RB. BUSH PRESS', 2),
(586, 43, 'P/ROD CAULKING', 3),
(587, 43, 'OIL FILLING', 2),
(588, 43, 'LOW SEAM WELDING', 3),
(589, 43, 'UPPER SEAM WELDING', 3),
(590, 43, 'D/F TESTER', 3),
(591, 43, 'PISTON ASSY', 2),
(592, 43, 'CLEANING MANUAL', 2),
(593, 43, 'SUPPLY LOWER SEAM ', 2),
(594, 43, 'X PIN PRESS', 2),
(595, 43, 'SPOT WELD COVER', 3),
(596, 43, 'PISTON PARTS ASSY', 3),
(597, 43, 'BVC PARTS ASSY', 2),
(598, 43, 'PULL/PUSH DAMPER', 2),
(599, 44, 'D/F TESTER', 3),
(600, 44, 'PISTON ASSY', 2),
(601, 44, 'TIGHT CAULKING', 3),
(602, 45, 'LOW SEAM WELDING', 3),
(603, 45, 'ROLLING', 3),
(604, 45, 'P/R ASSY', 2),
(605, 45, 'CLEANING', 2),
(606, 45, 'GAS FILLING', 2),
(607, 45, 'PROJ WELD', 3),
(608, 45, 'CAULKING', 3),
(609, 45, 'PUNCHING', 2),
(610, 45, 'FINAL INSPECTION', 2),
(611, 45, 'BRACKET ASSY FINISH GOOD', 2),
(612, 46, 'SETTING', 3),
(613, 46, 'TOUCH UP', 2),
(614, 46, 'MIXING', 4),
(615, 46, 'TITRASI', 4),
(616, 46, 'INSPECTOR', 3),
(617, 46, 'LOADING', 2),
(618, 46, 'UN LOADING', 2),
(619, 46, 'REPAIR', 2),
(620, 46, 'MASKING', 2),
(621, 46, 'TARIK', 2),
(622, 46, 'PICKINGMAN', 2),
(623, 46, 'PULLING', 2),
(624, 46, 'POLESH', 2),
(625, 47, 'ASSY BOX', 4),
(626, 47, 'MOUNTING PART', 3),
(627, 47, 'MOUNTING SA 9', 3),
(628, 47, 'MOUNTING SA 7', 3),
(629, 47, 'MOUNTING SA 1', 3),
(630, 47, 'MOUNTING SA 6', 3),
(631, 47, 'MOUNTING SA 3', 3),
(632, 47, 'MOUNTING 8 (BSP F)', 3),
(633, 47, 'MOUNTING 9 (IMV F)', 3),
(634, 47, 'MOUNT TRANSFER AM/OEM', 3),
(635, 47, 'MOUNT 11 (PACK TYT EKSPOR)', 3),
(636, 47, 'MOUNT 13 (HPM REAR)', 3),
(637, 47, 'MOUNT 14 (HPM FRONT ASSY PART)', 3),
(638, 47, 'MOUNT 14 (HPM FRONT SPRING PRESS)', 3),
(639, 48, 'ASSY BOX', 4),
(640, 48, 'MOUNTING PART', 3),
(641, 48, 'MOUNTING SA 9', 3),
(642, 48, 'MOUNTING SA 7', 3),
(643, 48, 'MOUNTING SA 1', 3),
(644, 48, 'MOUNTING SA 6', 3),
(645, 48, 'MOUNTING SA 3', 3),
(646, 48, 'MOUNTING 8 (BSP F)', 3),
(647, 48, 'MOUNTING 9 (IMV F)', 3),
(648, 48, 'MOUNT TRANSFER AM/OEM', 3),
(649, 48, 'MOUNT 11 (PACK TYT EKSPOR)', 3),
(650, 48, 'MOUNT 13 (HPM REAR)', 3),
(651, 48, 'MOUNT 14 (HPM FRONT ASSY PART)', 3),
(652, 48, 'MOUNT 14 (HPM FRONT SPRING PRESS)', 3),
(653, 49, 'SUPPLY / SHOPING', 4),
(654, 49, 'PREPARATION BOX', 3),
(655, 49, 'INSERT TO THE BOX', 3),
(656, 49, 'WEIGHTING PART', 3),
(657, 49, 'LABELING', 3),
(658, 49, 'SET IN PALLET/BOX', 3),
(659, 49, 'FORKLIFT', 3),
(660, 50, 'PISTON SLITING', 3),
(661, 50, 'BVC SLITING', 3),
(662, 50, 'PISTON PARTS ASSY', 3),
(663, 50, 'BVC PARTS ASSY', 2),
(664, 50, 'OIL SEAL PRESS', 3),
(665, 50, 'OIL SEAL GREASING', 3),
(666, 50, 'PARTS CLEANING', 4),
(667, 50, 'RACIK', 2),
(668, 50, 'PISTON MOULD', 3),
(669, 50, 'PICKINGMAN', 2),
(670, 50, 'CRIMPING', 3),
(671, 50, 'BVC AUTO', 3),
(672, 50, 'BLOW ROD GUIDE', 3),
(673, 50, 'LINE GUIDE', 4),
(674, 51, 'PART CLEANING', 4),
(675, 51, 'CLEANING CYLINDER', 3),
(676, 51, 'P/ROD CLEANING', 3),
(677, 51, 'O/S CLEANING', 4),
(678, 51, 'PICKINGMAN', 2),
(679, 52, 'LOWER CAP PRESS', 3),
(680, 52, 'LOWER CAP WELDING', 3),
(681, 52, 'UPPER WELD', 3),
(682, 52, 'SPRING SEAT WELD', 3),
(683, 52, 'PREHEATING', 3),
(684, 52, 'SENSOR WELDING', 3),
(685, 52, 'BRACKET PRESS', 3),
(686, 52, 'HOSE BRACKET WELD', 4),
(687, 52, 'DOUBLE TORCH', 3),
(688, 52, 'KNUCKLE REFORMING', 2),
(689, 52, 'KNUCKLE PUNCHING', 3),
(690, 52, 'ROBO WELDING', 3),
(691, 52, 'LINE GUIDE', 4),
(692, 53, 'LOWER CAP PRESS', 3),
(693, 53, 'LOWER CAP WELDING', 3),
(694, 53, 'UPPER WELD', 3),
(695, 53, 'SPRING SEAT WELD', 3),
(696, 53, 'PREHEATING', 3),
(697, 53, 'SENSOR WELDING', 3),
(698, 53, 'BRACKET PRESS', 3),
(699, 53, 'HOSE BRACKET WELD', 4),
(700, 53, 'DOUBLE TORCH', 3),
(701, 53, 'KNUCKLE REFORMING', 2),
(702, 53, 'KNUCKLE PUNCHING', 3),
(703, 53, 'ROBO WELDING', 3),
(704, 53, 'LINE GUIDE', 4),
(705, 54, 'UPPER PROJECT WELD', 3),
(706, 54, 'LOWER PROJECTION', 3),
(707, 54, 'DOUBLE SPOT REINFORCE', 3),
(708, 54, 'SINGLE SPOT REINFORCE', 3),
(709, 54, 'ROTARY SUV F WELD', 3),
(710, 54, 'SPRIN SEAT IMV-F WELD', 3),
(711, 54, 'COVER SPOT WELD', 3),
(712, 54, 'P/ROD SPOT WELDING', 3),
(713, 54, 'STRAIGHT REINFORCE', 2),
(714, 54, 'PICKINGMAN', 2),
(715, 54, 'LINE GUIDE', 4),
(716, 55, 'SOP', 3),
(717, 55, 'INSPECTION REPORT', 3),
(718, 55, 'PATROL SYSTEM', 3),
(719, 55, '"S" PROCESS', 3),
(720, 55, 'SPC', 3),
(721, 55, 'PEMAHAMAN PRODUCT', 3),
(722, 55, 'PEMAHAMAN PART "OK" & "NG"', 3),
(723, 55, 'PROBLEM SOLVING', 3),
(724, 55, 'QUALITY AWARENESS', 3),
(725, 55, 'CHECK FUNCTION ', 3);

-- --------------------------------------------------------

--
-- Table structure for table `qualifications`
--

CREATE TABLE IF NOT EXISTS `qualifications` (
  `process_id` int(11) NOT NULL,
  `npk` varchar(11) CHARACTER SET utf8mb4 COLLATE utf8mb4_general_ci NOT NULL,
  `value` int(11) NOT NULL
) ENGINE=InnoDB DEFAULT CHARSET=latin1 COLLATE=latin1_swedish_ci;

-- --------------------------------------------------------

--
-- Table structure for table `relocate_history`
--

CREATE TABLE IF NOT EXISTS `relocate_history` (
  `id` int(11) NOT NULL,
  `npk` varchar(11) NOT NULL,
  `start_time` timestamp NOT NULL DEFAULT current_timestamp(),
  `end_time` timestamp NULL DEFAULT NULL,
  `subworkstation_id` int(11) NOT NULL
) ENGINE=InnoDB DEFAULT CHARSET=latin1 COLLATE=latin1_swedish_ci;

-- --------------------------------------------------------

--
-- Table structure for table `roles`
--

CREATE TABLE IF NOT EXISTS `roles` (
  `id` int(11) NOT NULL,
  `name` varchar(16) CHARACTER SET utf8 COLLATE utf8_general_ci NOT NULL
) ENGINE=InnoDB DEFAULT CHARSET=latin1 COLLATE=latin1_swedish_ci;

--
-- Dumping data for table `roles`
--

INSERT INTO `roles` (`id`, `name`) VALUES
(0, 'Foreman'),
(1, 'Line Guide'),
(2, 'Operator');

-- --------------------------------------------------------

--
-- Table structure for table `sub_workstations`
--

CREATE TABLE IF NOT EXISTS `sub_workstations` (
  `id` int(11) NOT NULL,
  `name` varchar(48) NOT NULL,
  `workstation_id` int(11) NOT NULL
) ENGINE=InnoDB AUTO_INCREMENT=56 DEFAULT CHARSET=latin1 COLLATE=latin1_swedish_ci;

--
-- Dumping data for table `sub_workstations`
--

INSERT INTO `sub_workstations` (`id`, `name`, `workstation_id`) VALUES
(1, 'OTC', 1),
(2, 'OTM', 2),
(3, 'OTB', 3),
(4, 'PAINTING 1', 4),
(5, 'FFA 1', 5),
(6, 'FFA 2', 5),
(7, 'FFA 3', 5),
(8, 'FFA 4', 5),
(9, 'FFA 5', 5),
(10, 'SUPPORT', 5),
(11, 'OTHER', 5),
(12, 'REPAIR', 5),
(13, 'UBC', 6),
(14, 'PACK FF', 7),
(15, 'OCU 2', 8),
(16, 'OCU 3', 8),
(17, 'OCU 4', 8),
(18, 'OCU 5', 8),
(19, 'OCU 5 BARU', 8),
(20, 'SUPPORT', 8),
(21, 'OCC', 9),
(22, 'PAINTING 3', 10),
(23, 'PACKING OCU', 11),
(24, 'PRM', 12),
(25, 'PRG', 12),
(26, 'PRH', 12),
(27, 'PRP', 12),
(28, 'PRB', 12),
(29, 'INSPECTOR BUFFING', 12),
(30, 'WWT', 12),
(31, 'CTP', 13),
(32, 'ITG', 14),
(33, 'ITP + ITO', 14),
(34, 'INPECTOR ITO', 14),
(35, 'SA1', 15),
(36, 'SA3', 15),
(37, 'SA6', 15),
(38, 'SA7', 15),
(39, 'SA8', 15),
(40, 'SA9', 15),
(41, 'QA GATE', 15),
(42, 'SA 2', 16),
(43, 'SA 4', 16),
(44, 'SA 5', 16),
(45, 'SDA+M', 17),
(46, 'PAINTING 5', 18),
(47, 'MOUNTING SA', 19),
(48, 'MOUNTING SA 3', 20),
(49, 'PACKAGING SA', 21),
(50, 'SAS', 22),
(51, 'CLEANING CENTER', 22),
(52, 'OSC 1', 22),
(53, 'OSC 2', 22),
(54, 'WLC', 22),
(55, 'INSPECTOR SUPPORT', 22);

-- --------------------------------------------------------

--
-- Table structure for table `s_process`
--

CREATE TABLE IF NOT EXISTS `s_process` (
  `id` int(11) NOT NULL,
  `name` varchar(48) NOT NULL
) ENGINE=InnoDB AUTO_INCREMENT=55 DEFAULT CHARSET=latin1 COLLATE=latin1_swedish_ci;

--
-- Dumping data for table `s_process`
--

INSERT INTO `s_process` (`id`, `name`) VALUES
(1, 'Charging / Melting'),
(2, 'INNER TUBE CAULKING'),
(3, 'Bolt Cylinder Tightening'),
(4, 'Cap & C-Pin Inserting'),
(5, 'Bolt Under Bracket Tightening'),
(6, 'Cap Tightening'),
(7, 'Screw Tightening & Caulking'),
(8, 'Bolt BVC Tightening'),
(9, 'Damping Force Tester'),
(10, 'Stopper Tightening'),
(11, 'Piston Rod Tightening'),
(12, 'Cylinder Complete Tightening'),
(13, 'Under Bracket Welding'),
(14, 'Tightening Caulking'),
(15, 'Piston Rod Riveting'),
(16, 'Rolling Damper'),
(17, 'Caulking Damper'),
(18, 'Tightening Guide Cylinder'),
(20, 'Spring Press'),
(21, 'Condensor Welding'),
(22, 'Projection Welding'),
(23, 'Reinforce Welding'),
(24, 'Piston Rod Welding'),
(25, 'Robot Rotary Reinforce'),
(26, 'Seam Welding'),
(27, 'Spot Welding'),
(28, 'Rotary Stopper Welding'),
(29, 'Auto Cond. Proj. Welding'),
(30, 'Piston Rod Rolling'),
(31, 'Piston Rod Hardening'),
(32, 'Piston Rod Tempering'),
(33, 'Piston Rod Rolling Akhir'),
(34, 'Final Inspection Piston Rod'),
(35, 'Boss Projection Welding'),
(37, 'Hose Bracket Welding'),
(38, 'Knuckle Cap Welding'),
(39, 'Lower Cap Welding'),
(40, 'Lower Projection Welding'),
(41, 'Lower Seam Welding'),
(42, 'Mounting Strut'),
(43, 'P. Rod Spot Welding'),
(45, 'Rotary Welding'),
(46, 'Spring Seat Knuckle Welding'),
(47, 'Sensor Bracket Welding'),
(48, 'Spot Welding Cover'),
(49, 'Spring Seat Welding'),
(50, 'Stabilizer Bracket Welding'),
(52, 'Upper Projection Welding'),
(53, 'Upper Seam Welding'),
(54, 'Upperside Knuckle Weld');

-- --------------------------------------------------------

--
-- Table structure for table `s_process_certification`
--

CREATE TABLE IF NOT EXISTS `s_process_certification` (
  `id` int(11) NOT NULL,
  `npk` varchar(11) NOT NULL,
  `s_process_id` int(11) NOT NULL
) ENGINE=InnoDB DEFAULT CHARSET=latin1 COLLATE=latin1_swedish_ci;

-- --------------------------------------------------------

--
-- Table structure for table `s_process_workstation`
--

CREATE TABLE IF NOT EXISTS `s_process_workstation` (
  `id_s_process` int(11) NOT NULL,
  `workstation_id` int(11) NOT NULL
) ENGINE=InnoDB DEFAULT CHARSET=latin1 COLLATE=latin1_swedish_ci;

--
-- Dumping data for table `s_process_workstation`
--

INSERT INTO `s_process_workstation` (`id_s_process`, `workstation_id`) VALUES
(1, 1),
(2, 5),
(3, 5),
(4, 5),
(5, 5),
(6, 5),
(7, 5),
(8, 5),
(9, 5),
(10, 5),
(11, 5),
(12, 5),
(13, 6),
(14, 8),
(15, 8),
(16, 8),
(17, 8),
(18, 8),
(9, 8),
(20, 8),
(21, 9),
(22, 9),
(23, 9),
(24, 9),
(25, 9),
(26, 9),
(27, 9),
(28, 9),
(29, 9),
(30, 12),
(31, 12),
(32, 12),
(33, 12),
(34, 12),
(35, 15),
(9, 15),
(37, 15),
(38, 15),
(39, 15),
(40, 15),
(41, 15),
(42, 15),
(43, 15),
(23, 15),
(45, 15),
(46, 15),
(47, 15),
(48, 15),
(49, 15),
(50, 15),
(14, 15),
(52, 15),
(53, 15),
(54, 15),
(35, 16),
(9, 16),
(37, 16),
(38, 16),
(39, 16),
(40, 16),
(41, 16),
(42, 16),
(43, 16),
(23, 16),
(45, 16),
(46, 16),
(47, 16),
(48, 16),
(49, 16),
(50, 16),
(14, 16),
(52, 16),
(53, 16),
(54, 16),
(35, 22),
(9, 22),
(37, 22),
(38, 22),
(39, 22),
(40, 22),
(41, 22),
(42, 22),
(43, 22),
(23, 22),
(45, 22),
(46, 22),
(47, 22),
(48, 22),
(49, 22),
(50, 22),
(14, 22),
(52, 22),
(53, 22),
(54, 22);

-- --------------------------------------------------------

--
-- Table structure for table `users`
--

CREATE TABLE IF NOT EXISTS `users` (
  `username` varchar(12) NOT NULL,
  `password` varchar(64) NOT NULL
) ENGINE=InnoDB DEFAULT CHARSET=latin1 COLLATE=latin1_swedish_ci;

--
-- Dumping data for table `users`
--

INSERT INTO `users` (`username`, `password`) VALUES
('admin', '240be518fabd2724ddb6f04eeb1da5967448d7e831c08c8fa822809f74c720a9');

-- --------------------------------------------------------

--
-- Table structure for table `workstations`
--

CREATE TABLE IF NOT EXISTS `workstations` (
  `id` int(11) NOT NULL,
  `dept_id` int(11) NOT NULL,
  `name` varchar(48) NOT NULL
) ENGINE=InnoDB AUTO_INCREMENT=25 DEFAULT CHARSET=latin1 COLLATE=latin1_swedish_ci;

--
-- Dumping data for table `workstations`
--

INSERT INTO `workstations` (`id`, `dept_id`, `name`) VALUES
(1, 1, 'OTC'),
(2, 1, 'OTM'),
(3, 1, 'OTB'),
(4, 1, 'PAINTING 1'),
(5, 2, 'FFA'),
(6, 2, 'UBC'),
(7, 2, 'PACK FF'),
(8, 3, 'OCU'),
(9, 3, 'OCC'),
(10, 3, 'PAINTING 3'),
(11, 3, 'PACKING OCU'),
(12, 4, 'PISTON ROD'),
(13, 4, 'CTP'),
(14, 4, 'INNER TUBE'),
(15, 5, 'SA GAS'),
(16, 5, 'SA OLI'),
(17, 5, 'SDA+M'),
(18, 5, 'PAINTING 5'),
(19, 5, 'MOUNTING SA'),
(20, 5, 'MOUNTING SA 3'),
(21, 5, 'PACKAGING SA'),
(22, 5, 'SUPPORT SA'),
(23, 6, 'Final Inspection 2W'),
(24, 6, 'Final Inspection 4W');

--
-- Indexes for dumped tables
--

--
-- Indexes for table `department`
--
ALTER TABLE `department`
  ADD PRIMARY KEY (`id`);

--
-- Indexes for table `karyawan`
--
ALTER TABLE `karyawan`
  ADD PRIMARY KEY (`npk`),
  ADD KEY `role` (`role`);

--
-- Indexes for table `karyawan_workstation`
--
ALTER TABLE `karyawan_workstation`
  ADD UNIQUE KEY `npk` (`npk`,`workstation_id`);

--
-- Indexes for table `mp_file_proof`
--
ALTER TABLE `mp_file_proof`
  ADD PRIMARY KEY (`id`);

--
-- Indexes for table `mp_scores`
--
ALTER TABLE `mp_scores`
  ADD PRIMARY KEY (`npk`),
  ADD UNIQUE KEY `npk_3` (`npk`),
  ADD KEY `npk` (`npk`),
  ADD KEY `npk_2` (`npk`),
  ADD KEY `msk` (`msk`,`kt`,`png`,`pssp`,`fivejq`,`kao`);

--
-- Indexes for table `process`
--
ALTER TABLE `process`
  ADD PRIMARY KEY (`id`),
  ADD KEY `workstation_id` (`workstation_id`);

--
-- Indexes for table `qualifications`
--
ALTER TABLE `qualifications`
  ADD KEY `npk` (`npk`),
  ADD KEY `process_id` (`process_id`);

--
-- Indexes for table `relocate_history`
--
ALTER TABLE `relocate_history`
  ADD PRIMARY KEY (`id`);

--
-- Indexes for table `roles`
--
ALTER TABLE `roles`
  ADD PRIMARY KEY (`id`);

--
-- Indexes for table `sub_workstations`
--
ALTER TABLE `sub_workstations`
  ADD PRIMARY KEY (`id`);

--
-- Indexes for table `s_process`
--
ALTER TABLE `s_process`
  ADD PRIMARY KEY (`id`);

--
-- Indexes for table `s_process_certification`
--
ALTER TABLE `s_process_certification`
  ADD PRIMARY KEY (`id`);

--
-- Indexes for table `workstations`
--
ALTER TABLE `workstations`
  ADD PRIMARY KEY (`id`),
  ADD KEY `dept_id` (`dept_id`);

--
-- AUTO_INCREMENT for dumped tables
--

--
-- AUTO_INCREMENT for table `department`
--
ALTER TABLE `department`
  MODIFY `id` int(11) NOT NULL AUTO_INCREMENT,AUTO_INCREMENT=7;
--
-- AUTO_INCREMENT for table `mp_file_proof`
--
ALTER TABLE `mp_file_proof`
  MODIFY `id` int(11) NOT NULL AUTO_INCREMENT,AUTO_INCREMENT=32;
--
-- AUTO_INCREMENT for table `process`
--
ALTER TABLE `process`
  MODIFY `id` int(11) NOT NULL AUTO_INCREMENT,AUTO_INCREMENT=726;
--
-- AUTO_INCREMENT for table `relocate_history`
--
ALTER TABLE `relocate_history`
  MODIFY `id` int(11) NOT NULL AUTO_INCREMENT;
--
-- AUTO_INCREMENT for table `sub_workstations`
--
ALTER TABLE `sub_workstations`
  MODIFY `id` int(11) NOT NULL AUTO_INCREMENT,AUTO_INCREMENT=56;
--
-- AUTO_INCREMENT for table `s_process`
--
ALTER TABLE `s_process`
  MODIFY `id` int(11) NOT NULL AUTO_INCREMENT,AUTO_INCREMENT=55;
--
-- AUTO_INCREMENT for table `s_process_certification`
--
ALTER TABLE `s_process_certification`
  MODIFY `id` int(11) NOT NULL AUTO_INCREMENT;
--
-- AUTO_INCREMENT for table `workstations`
--
ALTER TABLE `workstations`
  MODIFY `id` int(11) NOT NULL AUTO_INCREMENT,AUTO_INCREMENT=25;
--
-- Constraints for dumped tables
--

--
-- Constraints for table `karyawan`
--
ALTER TABLE `karyawan`
  ADD CONSTRAINT `fk_role` FOREIGN KEY (`role`) REFERENCES `roles` (`id`) ON UPDATE CASCADE;

--
-- Constraints for table `mp_scores`
--
ALTER TABLE `mp_scores`
  ADD CONSTRAINT `fk_karyawan` FOREIGN KEY (`npk`) REFERENCES `karyawan` (`npk`) ON DELETE CASCADE;

--
-- Constraints for table `process`
--
ALTER TABLE `process`
  ADD CONSTRAINT `fk_ws` FOREIGN KEY (`workstation_id`) REFERENCES `sub_workstations` (`id`);

--
-- Constraints for table `qualifications`
--
ALTER TABLE `qualifications`
  ADD CONSTRAINT `qualifications_ibfk_1` FOREIGN KEY (`process_id`) REFERENCES `process` (`id`);

/*!40101 SET CHARACTER_SET_CLIENT=@OLD_CHARACTER_SET_CLIENT */;
/*!40101 SET CHARACTER_SET_RESULTS=@OLD_CHARACTER_SET_RESULTS */;
/*!40101 SET COLLATION_CONNECTION=@OLD_COLLATION_CONNECTION */;
